wallSec,fps,dtAvg,dtMax,simRatio,realRatio,fixedHz,fixedDt,maxDeltaTime,timeScale,targetFps,vSyncCount,time
1.88,2,0.0200,0.0200,0.021,4.754,1.1,0.0167,0.1667,1.00,400,0,0.02
2.91,22,0.0237,0.1667,0.179,0.363,10.6,0.0167,0.1667,1.00,400,0,0.54
3.92,192,0.0052,0.0110,0.257,0.257,15.3,0.0167,0.1667,1.00,400,0,1.55
4.92,134,0.0075,0.0752,0.204,0.204,12.4,0.0167,0.1667,1.00,400,0,2.55
5.93,120,0.0084,0.0614,0.170,0.170,10.1,0.0167,0.1667,1.00,400,0,3.56
6.93,125,0.0081,0.0609,0.145,0.145,8.7,0.0167,0.1667,1.00,400,0,4.56
7.94,181,0.0055,0.0085,0.126,0.126,7.7,0.0167,0.1667,1.00,400,0,5.57
8.94,180,0.0056,0.0093,0.112,0.112,6.7,0.0167,0.1667,1.00,400,0,6.57
9.97,126,0.0082,0.0736,0.103,0.103,6.2,0.0167,0.1667,1.00,400,0,7.60
10.97,137,0.0073,0.0672,0.092,0.092,5.5,0.0167,0.1667,1.00,400,0,8.60
11.98,180,0.0056,0.0084,0.084,0.084,5.0,0.0167,0.1667,1.00,400,0,9.61
13.61,17,0.0055,0.0070,0.007,0.007,0.4,0.0167,0.1667,1.00,400,0,9.70
14.66,41,0.0179,0.1667,0.050,0.177,2.9,0.0167,0.1667,1.00,400,0,10.43
15.67,33,0.0302,0.1667,0.064,0.064,3.8,0.0167,0.1667,1.00,400,0,11.42
16.67,60,0.0167,0.0574,0.060,0.060,3.6,0.0167,0.1667,1.00,400,0,12.42
17.68,58,0.0172,0.1667,0.056,0.057,3.4,0.0167,0.1667,1.00,400,0,13.42
18.69,40,0.0252,0.1208,0.054,0.054,3.3,0.0167,0.1667,1.00,400,0,14.43
19.70,51,0.0198,0.0882,0.051,0.051,3.0,0.0167,0.1667,1.00,400,0,15.44
20.70,50,0.0201,0.1186,0.049,0.049,2.9,0.0167,0.1667,1.00,400,0,16.45
21.72,64,0.0159,0.0214,0.047,0.047,2.8,0.0167,0.1667,1.00,400,0,17.46
24.07,31,0.0260,0.0678,0.034,0.034,2.0,0.0167,0.1667,1.00,400,0,18.27
26.70,1,0.0163,0.0163,0.001,0.154,0.0,0.0167,0.1667,1.00,400,0,18.27
27.70,55,0.0156,0.0446,0.031,0.038,1.8,0.0167,0.1667,1.00,400,0,19.13
28.71,49,0.0205,0.1038,0.035,0.035,2.1,0.0167,0.1667,1.00,400,0,20.13
29.73,64,0.0158,0.0222,0.034,0.034,2.1,0.0167,0.1667,1.00,400,0,21.14
30.73,66,0.0153,0.0212,0.033,0.033,2.0,0.0167,0.1667,1.00,400,0,22.15
31.74,65,0.0155,0.0437,0.032,0.032,1.9,0.0167,0.1667,1.00,400,0,23.16
32.74,66,0.0153,0.0209,0.031,0.031,1.9,0.0167,0.1667,1.00,400,0,24.16
33.76,66,0.0153,0.0216,0.030,0.030,1.8,0.0167,0.1667,1.00,400,0,25.17
34.76,64,0.0158,0.0210,0.029,0.029,1.7,0.0167,0.1667,1.00,400,0,26.18
35.78,69,0.0147,0.0186,0.028,0.028,1.7,0.0167,0.1667,1.00,400,0,27.19
36.79,50,0.0203,0.0530,0.028,0.028,1.7,0.0167,0.1667,1.00,400,0,28.21
37.82,33,0.0312,0.0944,0.027,0.027,1.6,0.0167,0.1667,1.00,400,0,29.24
38.83,50,0.0201,0.0323,0.026,0.026,1.5,0.0167,0.1667,1.00,400,0,30.25
39.86,40,0.0257,0.1204,0.026,0.026,1.6,0.0167,0.1667,1.00,400,0,31.27
40.87,45,0.0226,0.0591,0.025,0.025,1.5,0.0167,0.1667,1.00,400,0,32.29
41.87,62,0.0162,0.0204,0.024,0.024,1.4,0.0167,0.1667,1.00,400,0,33.29
42.88,65,0.0154,0.0189,0.023,0.023,1.4,0.0167,0.1667,1.00,400,0,34.29
43.89,64,0.0158,0.0192,0.023,0.023,1.4,0.0167,0.1667,1.00,400,0,35.31
44.91,65,0.0157,0.0180,0.023,0.023,1.4,0.0167,0.1667,1.00,400,0,36.33
45.92,62,0.0164,0.0202,0.022,0.022,1.3,0.0167,0.1667,1.00,400,0,37.34
46.93,61,0.0165,0.0255,0.021,0.021,1.3,0.0167,0.1667,1.00,400,0,38.35
47.94,62,0.0162,0.0216,0.021,0.021,1.3,0.0167,0.1667,1.00,400,0,39.35
48.94,62,0.0162,0.0222,0.021,0.021,1.2,0.0167,0.1667,1.00,400,0,40.36
49.95,58,0.0174,0.0234,0.020,0.020,1.2,0.0167,0.1667,1.00,400,0,41.37
50.96,64,0.0158,0.0215,0.020,0.020,1.2,0.0167,0.1667,1.00,400,0,42.38
51.97,57,0.0177,0.0266,0.019,0.019,1.2,0.0167,0.1667,1.00,400,0,43.39
52.98,58,0.0173,0.0216,0.019,0.019,1.1,0.0167,0.1667,1.00,400,0,44.39
53.99,61,0.0166,0.0207,0.019,0.019,1.1,0.0167,0.1667,1.00,400,0,45.40
55.00,64,0.0158,0.0210,0.018,0.018,1.1,0.0167,0.1667,1.00,400,0,46.42
56.00,63,0.0159,0.0208,0.018,0.018,1.1,0.0167,0.1667,1.00,400,0,47.42
57.01,57,0.0178,0.0252,0.018,0.018,1.1,0.0167,0.1667,1.00,400,0,48.43
58.02,63,0.0160,0.0202,0.017,0.017,1.0,0.0167,0.1667,1.00,400,0,49.44
59.02,62,0.0162,0.0235,0.017,0.017,1.0,0.0167,0.1667,1.00,400,0,50.45
60.04,66,0.0153,0.0210,0.017,0.017,1.0,0.0167,0.1667,1.00,400,0,51.45
61.04,56,0.0179,0.1280,0.016,0.016,1.0,0.0167,0.1667,1.00,400,0,52.46
62.05,62,0.0162,0.0228,0.016,0.016,1.0,0.0167,0.1667,1.00,400,0,53.47
63.06,61,0.0165,0.0229,0.016,0.016,1.0,0.0167,0.1667,1.00,400,0,54.47
64.07,65,0.0157,0.0207,0.016,0.016,1.0,0.0167,0.1667,1.00,400,0,55.49
65.08,64,0.0157,0.0230,0.015,0.015,0.9,0.0167,0.1667,1.00,400,0,56.50
66.09,64,0.0157,0.0246,0.015,0.015,0.9,0.0167,0.1667,1.00,400,0,57.50
67.09,65,0.0155,0.0190,0.015,0.015,0.9,0.0167,0.1667,1.00,400,0,58.51
68.10,61,0.0165,0.0256,0.015,0.015,0.9,0.0167,0.1667,1.00,400,0,59.52
69.11,65,0.0156,0.0201,0.015,0.015,0.9,0.0167,0.1667,1.00,400,0,60.53
70.12,61,0.0165,0.0254,0.014,0.014,0.9,0.0167,0.1667,1.00,400,0,61.53
71.13,65,0.0156,0.0190,0.014,0.014,0.9,0.0167,0.1667,1.00,400,0,62.55
72.14,66,0.0154,0.0203,0.014,0.014,0.8,0.0167,0.1667,1.00,400,0,63.56
73.16,65,0.0155,0.0201,0.014,0.014,0.8,0.0167,0.1667,1.00,400,0,64.57
74.16,63,0.0161,0.0267,0.014,0.014,0.8,0.0167,0.1667,1.00,400,0,65.58
75.18,63,0.0161,0.0205,0.013,0.013,0.8,0.0167,0.1667,1.00,400,0,66.59
76.19,66,0.0154,0.0184,0.013,0.013,0.8,0.0167,0.1667,1.00,400,0,67.61
77.20,67,0.0151,0.0190,0.013,0.013,0.8,0.0167,0.1667,1.00,400,0,68.62
78.22,66,0.0154,0.0184,0.013,0.013,0.8,0.0167,0.1667,1.00,400,0,69.64
79.23,62,0.0162,0.0251,0.013,0.013,0.8,0.0167,0.1667,1.00,400,0,70.64
80.25,67,0.0153,0.0233,0.013,0.013,0.8,0.0167,0.1667,1.00,400,0,71.67
81.27,62,0.0164,0.0606,0.013,0.013,0.8,0.0167,0.1667,1.00,400,0,72.69
82.27,62,0.0162,0.0238,0.012,0.012,0.7,0.0167,0.1667,1.00,400,0,73.69
83.29,61,0.0167,0.0243,0.012,0.012,0.7,0.0167,0.1667,1.00,400,0,74.71
84.29,56,0.0177,0.0285,0.012,0.012,0.7,0.0167,0.1667,1.00,400,0,75.70
85.40,39,0.0252,0.1667,0.012,0.013,0.7,0.0167,0.1667,1.00,400,0,76.68
86.45,44,0.0241,0.1529,0.012,0.012,0.7,0.0167,0.1667,1.00,400,0,77.74
98.31,32,0.0172,0.0359,0.006,0.006,0.3,0.0167,0.1667,1.00,400,0,78.29
99.33,2,0.0174,0.0200,0.000,0.122,0.0,0.0167,0.1667,1.00,400,0,78.31
100.34,39,0.0295,0.1667,0.011,0.012,0.7,0.0167,0.1667,1.00,400,0,79.47
101.34,46,0.0218,0.0678,0.010,0.010,0.6,0.0167,0.1667,1.00,400,0,80.47
102.35,56,0.0181,0.0436,0.010,0.010,0.6,0.0167,0.1667,1.00,400,0,81.48
103.37,73,0.0139,0.0255,0.010,0.010,0.6,0.0167,0.1667,1.00,400,0,82.49
104.37,74,0.0136,0.0292,0.010,0.010,0.6,0.0167,0.1667,1.00,400,0,83.50
105.38,70,0.0144,0.0311,0.010,0.010,0.6,0.0167,0.1667,1.00,400,0,84.51
106.38,72,0.0140,0.0326,0.009,0.009,0.6,0.0167,0.1667,1.00,400,0,85.51
107.39,57,0.0176,0.0411,0.009,0.009,0.6,0.0167,0.1667,1.00,400,0,86.52
108.39,45,0.0223,0.0326,0.009,0.009,0.6,0.0167,0.1667,1.00,400,0,87.52
109.40,43,0.0233,0.0396,0.009,0.009,0.5,0.0167,0.1667,1.00,400,0,88.52
110.41,64,0.0159,0.0298,0.009,0.009,0.6,0.0167,0.1667,1.00,400,0,89.54
111.43,73,0.0139,0.0272,0.009,0.009,0.5,0.0167,0.1667,1.00,400,0,90.55
112.44,72,0.0141,0.0255,0.009,0.009,0.5,0.0167,0.1667,1.00,400,0,91.57
113.45,69,0.0146,0.0329,0.009,0.009,0.5,0.0167,0.1667,1.00,400,0,92.58
114.46,64,0.0158,0.1158,0.009,0.009,0.5,0.0167,0.1667,1.00,400,0,93.59
115.46,70,0.0143,0.0283,0.009,0.009,0.5,0.0167,0.1667,1.00,400,0,94.59
116.48,78,0.0130,0.0289,0.009,0.009,0.5,0.0167,0.1667,1.00,400,0,95.60
117.48,64,0.0157,0.0340,0.009,0.009,0.5,0.0167,0.1667,1.00,400,0,96.61
118.49,43,0.0233,0.0420,0.008,0.008,0.5,0.0167,0.1667,1.00,400,0,97.61
119.51,40,0.0254,0.1531,0.009,0.009,0.5,0.0167,0.1667,1.00,400,0,98.63
120.52,63,0.0161,0.0378,0.008,0.008,0.5,0.0167,0.1667,1.00,400,0,99.65
121.52,64,0.0156,0.0352,0.008,0.008,0.5,0.0167,0.1667,1.00,400,0,100.65
122.52,71,0.0142,0.0312,0.008,0.008,0.5,0.0167,0.1667,1.00,400,0,101.65
123.53,72,0.0140,0.0377,0.008,0.008,0.5,0.0167,0.1667,1.00,400,0,102.66
124.54,70,0.0143,0.0401,0.008,0.008,0.5,0.0167,0.1667,1.00,400,0,103.66
125.55,65,0.0156,0.0411,0.008,0.008,0.5,0.0167,0.1667,1.00,400,0,104.68
126.57,60,0.0169,0.0324,0.008,0.008,0.5,0.0167,0.1667,1.00,400,0,105.69
127.58,75,0.0135,0.0295,0.008,0.008,0.5,0.0167,0.1667,1.00,400,0,106.71
128.59,65,0.0156,0.0316,0.008,0.008,0.5,0.0167,0.1667,1.00,400,0,107.72
129.60,67,0.0150,0.0252,0.008,0.008,0.5,0.0167,0.1667,1.00,400,0,108.72
130.61,44,0.0232,0.0367,0.008,0.008,0.5,0.0167,0.1667,1.00,400,0,109.74
131.62,65,0.0155,0.0355,0.008,0.008,0.5,0.0167,0.1667,1.00,400,0,110.75
132.63,78,0.0129,0.0276,0.008,0.008,0.5,0.0167,0.1667,1.00,400,0,111.76
133.64,79,0.0128,0.0193,0.008,0.008,0.4,0.0167,0.1667,1.00,400,0,112.76
134.65,73,0.0138,0.0270,0.007,0.007,0.4,0.0167,0.1667,1.00,400,0,113.77
135.65,76,0.0133,0.0180,0.007,0.007,0.4,0.0167,0.1667,1.00,400,0,114.78
136.66,62,0.0163,0.0428,0.007,0.007,0.4,0.0167,0.1667,1.00,400,0,115.79
137.66,72,0.0139,0.0301,0.007,0.007,0.4,0.0167,0.1667,1.00,400,0,116.79
138.67,75,0.0134,0.0299,0.007,0.007,0.4,0.0167,0.1667,1.00,400,0,117.79
139.76,61,0.0170,0.0407,0.007,0.007,0.4,0.0167,0.1667,1.00,400,0,118.83
140.77,47,0.0227,0.0678,0.008,0.008,0.5,0.0167,0.1667,1.00,400,0,119.90
141.78,50,0.0202,0.0404,0.007,0.007,0.4,0.0167,0.1667,1.00,400,0,120.91
142.79,49,0.0205,0.0374,0.007,0.007,0.4,0.0167,0.1667,1.00,400,0,121.91
143.80,53,0.0192,0.0347,0.007,0.007,0.4,0.0167,0.1667,1.00,400,0,122.93
144.81,51,0.0197,0.0429,0.007,0.007,0.4,0.0167,0.1667,1.00,400,0,123.94
145.82,53,0.0191,0.0351,0.007,0.007,0.4,0.0167,0.1667,1.00,400,0,124.95
146.83,49,0.0206,0.0482,0.007,0.007,0.4,0.0167,0.1667,1.00,400,0,125.96
147.84,50,0.0202,0.0688,0.007,0.007,0.4,0.0167,0.1667,1.00,400,0,126.96
148.84,48,0.0209,0.0370,0.007,0.007,0.4,0.0167,0.1667,1.00,400,0,127.97
149.86,60,0.0169,0.0366,0.007,0.007,0.4,0.0167,0.1667,1.00,400,0,128.98
150.88,49,0.0209,0.0360,0.007,0.007,0.4,0.0167,0.1667,1.00,400,0,130.01
151.90,44,0.0232,0.0878,0.007,0.007,0.4,0.0167,0.1667,1.00,400,0,131.03
152.92,44,0.0231,0.0467,0.007,0.007,0.4,0.0167,0.1667,1.00,400,0,132.04
153.93,43,0.0235,0.0460,0.007,0.007,0.4,0.0167,0.1667,1.00,400,0,133.05
154.93,38,0.0264,0.0478,0.006,0.006,0.4,0.0167,0.1667,1.00,400,0,134.06
155.97,41,0.0252,0.0515,0.007,0.007,0.4,0.0167,0.1667,1.00,400,0,135.09
156.97,65,0.0155,0.0320,0.006,0.006,0.4,0.0167,0.1667,1.00,400,0,136.10
157.99,63,0.0161,0.0293,0.006,0.006,0.4,0.0167,0.1667,1.00,400,0,137.11
159.01,41,0.0247,0.0487,0.006,0.006,0.4,0.0167,0.1667,1.00,400,0,138.12
160.01,62,0.0163,0.0367,0.006,0.006,0.4,0.0167,0.1667,1.00,400,0,139.14
161.02,74,0.0136,0.0232,0.006,0.006,0.4,0.0167,0.1667,1.00,400,0,140.14
162.02,62,0.0162,0.0312,0.006,0.006,0.4,0.0167,0.1667,1.00,400,0,141.15
163.03,72,0.0140,0.0308,0.006,0.006,0.4,0.0167,0.1667,1.00,400,0,142.16
164.04,71,0.0142,0.0275,0.006,0.006,0.4,0.0167,0.1667,1.00,400,0,143.17
165.06,47,0.0217,0.0380,0.006,0.006,0.4,0.0167,0.1667,1.00,400,0,144.19
166.06,43,0.0233,0.0410,0.006,0.006,0.4,0.0167,0.1667,1.00,400,0,145.19
167.06,53,0.0189,0.0351,0.006,0.006,0.4,0.0167,0.1667,1.00,400,0,146.19
168.07,55,0.0184,0.0334,0.006,0.006,0.4,0.0167,0.1667,1.00,400,0,147.20
169.08,39,0.0259,0.1527,0.006,0.006,0.4,0.0167,0.1667,1.00,400,0,148.21
170.12,49,0.0212,0.0400,0.006,0.006,0.4,0.0167,0.1667,1.00,400,0,149.25
171.14,45,0.0226,0.0422,0.006,0.006,0.4,0.0167,0.1667,1.00,400,0,150.27
172.15,45,0.0225,0.0433,0.006,0.006,0.4,0.0167,0.1667,1.00,400,0,151.28
173.17,50,0.0203,0.0366,0.006,0.006,0.4,0.0167,0.1667,1.00,400,0,152.29
174.17,48,0.0210,0.0387,0.006,0.006,0.3,0.0167,0.1667,1.00,400,0,153.30
175.18,48,0.0209,0.0328,0.006,0.006,0.3,0.0167,0.1667,1.00,400,0,154.30
176.19,48,0.0212,0.0365,0.006,0.006,0.4,0.0167,0.1667,1.00,400,0,155.32
177.23,49,0.0210,0.0394,0.006,0.006,0.3,0.0167,0.1667,1.00,400,0,156.35
178.23,51,0.0198,0.0356,0.006,0.006,0.3,0.0167,0.1667,1.00,400,0,157.36
179.23,48,0.0209,0.0353,0.006,0.006,0.3,0.0167,0.1667,1.00,400,0,158.36
180.24,53,0.0189,0.0331,0.006,0.006,0.3,0.0167,0.1667,1.00,400,0,159.36
181.25,64,0.0158,0.0446,0.006,0.006,0.3,0.0167,0.1667,1.00,400,0,160.37
182.25,76,0.0132,0.0199,0.006,0.006,0.3,0.0167,0.1667,1.00,400,0,161.38
183.26,73,0.0138,0.0303,0.006,0.006,0.3,0.0167,0.1667,1.00,400,0,162.39
184.27,79,0.0128,0.0167,0.005,0.005,0.3,0.0167,0.1667,1.00,400,0,163.40
185.27,77,0.0130,0.0224,0.005,0.005,0.3,0.0167,0.1667,1.00,400,0,164.40
186.27,73,0.0137,0.0215,0.005,0.005,0.3,0.0167,0.1667,1.00,400,0,165.40
187.28,83,0.0121,0.0254,0.005,0.005,0.3,0.0167,0.1667,1.00,400,0,166.41
188.30,78,0.0130,0.0321,0.005,0.005,0.3,0.0167,0.1667,1.00,400,0,167.42
189.30,83,0.0122,0.0259,0.005,0.005,0.3,0.0167,0.1667,1.00,400,0,168.43
190.31,81,0.0124,0.0199,0.005,0.005,0.3,0.0167,0.1667,1.00,400,0,169.44
191.32,78,0.0130,0.0274,0.005,0.005,0.3,0.0167,0.1667,1.00,400,0,170.45
192.33,76,0.0133,0.0270,0.005,0.005,0.3,0.0167,0.1667,1.00,400,0,171.46
193.34,81,0.0125,0.0180,0.005,0.005,0.3,0.0167,0.1667,1.00,400,0,172.47
194.36,78,0.0130,0.0190,0.005,0.005,0.3,0.0167,0.1667,1.00,400,0,173.48
195.37,77,0.0132,0.0245,0.005,0.005,0.3,0.0167,0.1667,1.00,400,0,174.50
196.37,61,0.0164,0.0451,0.005,0.005,0.3,0.0167,0.1667,1.00,400,0,175.49
197.41,26,0.0402,0.0513,0.005,0.005,0.3,0.0167,0.1667,1.00,400,0,176.54
198.42,29,0.0347,0.0568,0.005,0.005,0.3,0.0167,0.1667,1.00,400,0,177.54
199.43,51,0.0198,0.0478,0.005,0.005,0.3,0.0167,0.1667,1.00,400,0,178.56
200.43,30,0.0334,0.0491,0.005,0.005,0.3,0.0167,0.1667,1.00,400,0,179.56
201.43,32,0.0313,0.0474,0.005,0.005,0.3,0.0167,0.1667,1.00,400,0,180.56
202.44,83,0.0121,0.0322,0.005,0.005,0.3,0.0167,0.1667,1.00,400,0,181.56
203.48,46,0.0225,0.0638,0.005,0.005,0.3,0.0167,0.1667,1.00,400,0,182.60
204.51,51,0.0203,0.0527,0.005,0.005,0.3,0.0167,0.1667,1.00,400,0,183.63
205.52,47,0.0216,0.0444,0.005,0.005,0.3,0.0167,0.1667,1.00,400,0,184.65
206.54,36,0.0281,0.0430,0.005,0.005,0.3,0.0167,0.1667,1.00,400,0,185.66
207.56,49,0.0209,0.0450,0.005,0.005,0.3,0.0167,0.1667,1.00,400,0,186.68
208.57,49,0.0207,0.0395,0.005,0.005,0.3,0.0167,0.1667,1.00,400,0,187.70
209.58,49,0.0206,0.0377,0.005,0.005,0.3,0.0167,0.1667,1.00,400,0,188.70
210.59,50,0.0203,0.0349,0.005,0.005,0.3,0.0167,0.1667,1.00,400,0,189.72
211.60,46,0.0220,0.0459,0.005,0.005,0.3,0.0167,0.1667,1.00,400,0,190.73
212.63,49,0.0210,0.0468,0.005,0.005,0.3,0.0167,0.1667,1.00,400,0,191.76
213.64,45,0.0224,0.0369,0.005,0.005,0.3,0.0167,0.1667,1.00,400,0,192.77
214.65,47,0.0215,0.0454,0.005,0.005,0.3,0.0167,0.1667,1.00,400,0,193.78
215.66,49,0.0205,0.0459,0.005,0.005,0.3,0.0167,0.1667,1.00,400,0,194.78
216.67,48,0.0212,0.0442,0.005,0.005,0.3,0.0167,0.1667,1.00,400,0,195.80
217.68,46,0.0219,0.0433,0.005,0.005,0.3,0.0167,0.1667,1.00,400,0,196.81
218.69,48,0.0209,0.0383,0.005,0.005,0.3,0.0167,0.1667,1.00,400,0,197.81
219.69,59,0.0170,0.0289,0.005,0.005,0.3,0.0167,0.1667,1.00,400,0,198.81
220.70,63,0.0161,0.0346,0.005,0.005,0.3,0.0167,0.1667,1.00,400,0,199.83
221.72,57,0.0177,0.0293,0.005,0.005,0.3,0.0167,0.1667,1.00,400,0,200.84
222.81,50,0.0198,0.0368,0.004,0.004,0.3,0.0167,0.1667,1.00,400,0,201.83
223.82,56,0.0199,0.1192,0.005,0.005,0.3,0.0167,0.1667,1.00,400,0,202.94
224.83,34,0.0297,0.0409,0.004,0.004,0.3,0.0167,0.1667,1.00,400,0,203.95
225.85,37,0.0275,0.0483,0.005,0.005,0.3,0.0167,0.1667,1.00,400,0,204.97
226.87,58,0.0177,0.0442,0.005,0.005,0.3,0.0167,0.1667,1.00,400,0,205.99
227.87,67,0.0150,0.0209,0.004,0.004,0.3,0.0167,0.1667,1.00,400,0,207.00
228.88,53,0.0190,0.0391,0.004,0.004,0.3,0.0167,0.1667,1.00,400,0,208.00
229.88,57,0.0176,0.0318,0.004,0.004,0.3,0.0167,0.1667,1.00,400,0,209.01
230.88,69,0.0145,0.0313,0.004,0.004,0.3,0.0167,0.1667,1.00,400,0,210.01
231.88,66,0.0152,0.0332,0.004,0.004,0.3,0.0167,0.1667,1.00,400,0,211.01
232.89,64,0.0157,0.0282,0.004,0.004,0.3,0.0167,0.1667,1.00,400,0,212.02
233.90,72,0.0140,0.0305,0.004,0.004,0.3,0.0167,0.1667,1.00,400,0,213.03
234.91,72,0.0140,0.0232,0.004,0.004,0.3,0.0167,0.1667,1.00,400,0,214.03
235.91,60,0.0167,0.0365,0.004,0.004,0.3,0.0167,0.1667,1.00,400,0,215.04
236.93,51,0.0198,0.0363,0.004,0.004,0.3,0.0167,0.1667,1.00,400,0,216.05
237.95,54,0.0190,0.0341,0.004,0.004,0.3,0.0167,0.1667,1.00,400,0,217.07
238.97,56,0.0182,0.0312,0.004,0.004,0.3,0.0167,0.1667,1.00,400,0,218.10
239.98,54,0.0187,0.0367,0.004,0.004,0.3,0.0167,0.1667,1.00,400,0,219.11
240.99,55,0.0184,0.0397,0.004,0.004,0.3,0.0167,0.1667,1.00,400,0,220.12
242.00,55,0.0183,0.0451,0.004,0.004,0.2,0.0167,0.1667,1.00,400,0,221.12
243.01,55,0.0185,0.0356,0.004,0.004,0.3,0.0167,0.1667,1.00,400,0,222.14
244.02,52,0.0194,0.0356,0.004,0.004,0.2,0.0167,0.1667,1.00,400,0,223.15
245.03,51,0.0197,0.0445,0.004,0.004,0.2,0.0167,0.1667,1.00,400,0,224.15
246.04,54,0.0188,0.0296,0.004,0.004,0.2,0.0167,0.1667,1.00,400,0,225.17
247.07,50,0.0205,0.0390,0.004,0.004,0.3,0.0167,0.1667,1.00,400,0,226.20
248.08,61,0.0166,0.0353,0.004,0.004,0.2,0.0167,0.1667,1.00,400,0,227.21
249.09,57,0.0176,0.0411,0.004,0.004,0.2,0.0167,0.1667,1.00,400,0,228.21
250.09,53,0.0189,0.0423,0.004,0.004,0.2,0.0167,0.1667,1.00,400,0,229.22
251.10,53,0.0191,0.0326,0.004,0.004,0.2,0.0167,0.1667,1.00,400,0,230.23
252.11,52,0.0194,0.0455,0.004,0.004,0.2,0.0167,0.1667,1.00,400,0,231.24
253.14,56,0.0184,0.0365,0.004,0.004,0.2,0.0167,0.1667,1.00,400,0,232.27
254.14,51,0.0196,0.0405,0.004,0.004,0.2,0.0167,0.1667,1.00,400,0,233.27
255.15,48,0.0211,0.0410,0.004,0.004,0.2,0.0167,0.1667,1.00,400,0,234.28
256.16,47,0.0215,0.0362,0.004,0.004,0.2,0.0167,0.1667,1.00,400,0,235.29
257.16,47,0.0212,0.0361,0.004,0.004,0.2,0.0167,0.1667,1.00,400,0,236.29
258.17,58,0.0174,0.0386,0.004,0.004,0.2,0.0167,0.1667,1.00,400,0,237.30
259.18,54,0.0187,0.0313,0.004,0.004,0.2,0.0167,0.1667,1.00,400,0,238.31
260.19,54,0.0186,0.0367,0.004,0.004,0.2,0.0167,0.1667,1.00,400,0,239.31
261.19,60,0.0168,0.0324,0.004,0.004,0.2,0.0167,0.1667,1.00,400,0,240.32
262.21,31,0.0327,0.0730,0.004,0.004,0.2,0.0167,0.1667,1.00,400,0,241.33
263.22,23,0.0438,0.0706,0.004,0.004,0.2,0.0167,0.1667,1.00,400,0,242.34
264.24,52,0.0197,0.0562,0.004,0.004,0.2,0.0167,0.1667,1.00,400,0,243.37
265.24,36,0.0279,0.0753,0.004,0.004,0.2,0.0167,0.1667,1.00,400,0,244.37
266.26,35,0.0290,0.0520,0.004,0.004,0.2,0.0167,0.1667,1.00,400,0,245.38
267.27,59,0.0171,0.0330,0.004,0.004,0.2,0.0167,0.1667,1.00,400,0,246.40
268.28,61,0.0166,0.0299,0.004,0.004,0.2,0.0167,0.1667,1.00,400,0,247.41
269.30,62,0.0165,0.0373,0.004,0.004,0.2,0.0167,0.1667,1.00,400,0,248.43
270.31,63,0.0160,0.0303,0.004,0.004,0.2,0.0167,0.1667,1.00,400,0,249.44
271.33,62,0.0163,0.0387,0.004,0.004,0.2,0.0167,0.1667,1.00,400,0,250.45
272.34,63,0.0161,0.0338,0.004,0.004,0.2,0.0167,0.1667,1.00,400,0,251.47
273.34,65,0.0155,0.0280,0.004,0.004,0.2,0.0167,0.1667,1.00,400,0,252.47
274.36,58,0.0175,0.0345,0.004,0.004,0.2,0.0167,0.1667,1.00,400,0,253.48
275.36,55,0.0182,0.0328,0.004,0.004,0.2,0.0167,0.1667,1.00,400,0,254.48
276.36,57,0.0176,0.0288,0.004,0.004,0.2,0.0167,0.1667,1.00,400,0,255.49
277.37,52,0.0194,0.0366,0.004,0.004,0.2,0.0167,0.1667,1.00,400,0,256.50
278.38,53,0.0190,0.0305,0.004,0.004,0.2,0.0167,0.1667,1.00,400,0,257.51
279.38,44,0.0227,0.1380,0.004,0.004,0.2,0.0167,0.1667,1.00,400,0,258.50
280.39,53,0.0192,0.0444,0.004,0.004,0.2,0.0167,0.1667,1.00,400,0,259.52
281.40,51,0.0197,0.0398,0.004,0.004,0.2,0.0167,0.1667,1.00,400,0,260.53
282.41,53,0.0190,0.0471,0.004,0.004,0.2,0.0167,0.1667,1.00,400,0,261.54
283.44,51,0.0201,0.0430,0.004,0.004,0.2,0.0167,0.1667,1.00,400,0,262.56
284.45,60,0.0168,0.0377,0.004,0.004,0.2,0.0167,0.1667,1.00,400,0,263.57
285.46,54,0.0187,0.0344,0.004,0.004,0.2,0.0167,0.1667,1.00,400,0,264.58
286.47,57,0.0178,0.0418,0.004,0.004,0.2,0.0167,0.1667,1.00,400,0,265.60
287.48,55,0.0183,0.0362,0.003,0.003,0.2,0.0167,0.1667,1.00,400,0,266.61
288.50,54,0.0189,0.0385,0.004,0.004,0.2,0.0167,0.1667,1.00,400,0,267.62
289.51,61,0.0166,0.0317,0.003,0.003,0.2,0.0167,0.1667,1.00,400,0,268.64
290.51,65,0.0154,0.0324,0.003,0.003,0.2,0.0167,0.1667,1.00,400,0,269.64
291.52,71,0.0142,0.0302,0.003,0.003,0.2,0.0167,0.1667,1.00,400,0,270.65
292.55,66,0.0156,0.0371,0.004,0.004,0.2,0.0167,0.1667,1.00,400,0,271.68
293.55,70,0.0143,0.0275,0.003,0.003,0.2,0.0167,0.1667,1.00,400,0,272.68
294.59,67,0.0154,0.0313,0.003,0.003,0.2,0.0167,0.1667,1.00,400,0,273.71
295.59,66,0.0152,0.0323,0.003,0.003,0.2,0.0167,0.1667,1.00,400,0,274.71
296.60,60,0.0168,0.0295,0.003,0.003,0.2,0.0167,0.1667,1.00,400,0,275.72
297.61,58,0.0174,0.0336,0.003,0.003,0.2,0.0167,0.1667,1.00,400,0,276.73
298.61,67,0.0150,0.0319,0.003,0.003,0.2,0.0167,0.1667,1.00,400,0,277.74
299.61,65,0.0154,0.0364,0.003,0.003,0.2,0.0167,0.1667,1.00,400,0,278.74
300.64,68,0.0151,0.0327,0.003,0.003,0.2,0.0167,0.1667,1.00,400,0,279.77
301.65,71,0.0142,0.0304,0.003,0.003,0.2,0.0167,0.1667,1.00,400,0,280.77
302.65,72,0.0140,0.0294,0.003,0.003,0.2,0.0167,0.1667,1.00,400,0,281.78
303.65,67,0.0149,0.0303,0.003,0.003,0.2,0.0167,0.1667,1.00,400,0,282.78
304.67,72,0.0140,0.0283,0.003,0.003,0.2,0.0167,0.1667,1.00,400,0,283.79
305.68,71,0.0142,0.0285,0.003,0.003,0.2,0.0167,0.1667,1.00,400,0,284.80
306.69,72,0.0141,0.0294,0.003,0.003,0.2,0.0167,0.1667,1.00,400,0,285.82
307.71,70,0.0145,0.0303,0.003,0.003,0.2,0.0167,0.1667,1.00,400,0,286.83
308.72,74,0.0137,0.0334,0.003,0.003,0.2,0.0167,0.1667,1.00,400,0,287.85
309.72,71,0.0141,0.0300,0.003,0.003,0.2,0.0167,0.1667,1.00,400,0,288.85
310.73,59,0.0171,0.0336,0.003,0.003,0.2,0.0167,0.1667,1.00,400,0,289.86
311.73,53,0.0189,0.0313,0.003,0.003,0.2,0.0167,0.1667,1.00,400,0,290.86
312.75,46,0.0219,0.0351,0.003,0.003,0.2,0.0167,0.1667,1.00,400,0,291.87
313.77,45,0.0228,0.0406,0.003,0.003,0.2,0.0167,0.1667,1.00,400,0,292.90
314.79,45,0.0226,0.0405,0.003,0.003,0.2,0.0167,0.1667,1.00,400,0,293.92
315.81,47,0.0216,0.0451,0.003,0.003,0.2,0.0167,0.1667,1.00,400,0,294.93
316.82,51,0.0198,0.0412,0.003,0.003,0.2,0.0167,0.1667,1.00,400,0,295.94
317.83,55,0.0185,0.0342,0.003,0.003,0.2,0.0167,0.1667,1.00,400,0,296.96
318.84,56,0.0181,0.0343,0.003,0.003,0.2,0.0167,0.1667,1.00,400,0,297.97
319.87,54,0.0190,0.0325,0.003,0.003,0.2,0.0167,0.1667,1.00,400,0,298.99
320.87,54,0.0186,0.0349,0.003,0.003,0.2,0.0167,0.1667,1.00,400,0,300.00
321.89,54,0.0188,0.0423,0.003,0.003,0.2,0.0167,0.1667,1.00,400,0,301.01
322.90,55,0.0183,0.0350,0.003,0.003,0.2,0.0167,0.1667,1.00,400,0,302.02
323.92,55,0.0186,0.0309,0.003,0.003,0.2,0.0167,0.1667,1.00,400,0,303.04
324.93,50,0.0202,0.0469,0.003,0.003,0.2,0.0167,0.1667,1.00,400,0,304.05
325.94,60,0.0169,0.0347,0.003,0.003,0.2,0.0167,0.1667,1.00,400,0,305.07
326.95,61,0.0167,0.0321,0.003,0.003,0.2,0.0167,0.1667,1.00,400,0,306.08
327.96,51,0.0198,0.0462,0.003,0.003,0.2,0.0167,0.1667,1.00,400,0,307.09
328.97,53,0.0191,0.0410,0.003,0.003,0.2,0.0167,0.1667,1.00,400,0,308.10
329.99,49,0.0208,0.0340,0.003,0.003,0.2,0.0167,0.1667,1.00,400,0,309.12
331.02,47,0.0219,0.0353,0.003,0.003,0.2,0.0167,0.1667,1.00,400,0,310.15
332.04,46,0.0222,0.0464,0.003,0.003,0.2,0.0167,0.1667,1.00,400,0,311.17
333.06,19,0.0537,0.0831,0.003,0.003,0.2,0.0167,0.1667,1.00,400,0,312.19
334.10,25,0.0413,0.0932,0.003,0.003,0.2,0.0167,0.1667,1.00,400,0,313.22
335.13,21,0.0490,0.0664,0.003,0.003,0.2,0.0167,0.1667,1.00,400,0,314.25
336.14,49,0.0206,0.1402,0.003,0.003,0.2,0.0167,0.1667,1.00,400,0,315.26
337.14,63,0.0159,0.0215,0.003,0.003,0.2,0.0167,0.1667,1.00,400,0,316.27
338.17,23,0.0447,0.0585,0.003,0.003,0.2,0.0167,0.1667,1.00,400,0,317.29
339.20,21,0.0491,0.0604,0.003,0.003,0.2,0.0167,0.1667,1.00,400,0,318.33
340.23,26,0.0396,0.0573,0.003,0.003,0.2,0.0167,0.1667,1.00,400,0,319.36
341.23,24,0.0419,0.0667,0.003,0.003,0.2,0.0167,0.1667,1.00,400,0,320.36
342.24,64,0.0158,0.0339,0.003,0.003,0.2,0.0167,0.1667,1.00,400,0,321.37
343.25,53,0.0190,0.0359,0.003,0.003,0.2,0.0167,0.1667,1.00,400,0,322.38
344.25,57,0.0176,0.0328,0.003,0.003,0.2,0.0167,0.1667,1.00,400,0,323.38
345.25,60,0.0167,0.0341,0.003,0.003,0.2,0.0167,0.1667,1.00,400,0,324.38
346.27,56,0.0182,0.0397,0.003,0.003,0.2,0.0167,0.1667,1.00,400,0,325.40
347.28,53,0.0191,0.0396,0.003,0.003,0.2,0.0167,0.1667,1.00,400,0,326.41
348.32,30,0.0345,0.0671,0.003,0.003,0.2,0.0167,0.1667,1.00,400,0,327.44
349.35,26,0.0395,0.0586,0.003,0.003,0.2,0.0167,0.1667,1.00,400,0,328.47
350.36,25,0.0405,0.0731,0.003,0.003,0.2,0.0167,0.1667,1.00,400,0,329.48
351.39,53,0.0195,0.0707,0.003,0.003,0.2,0.0167,0.1667,1.00,400,0,330.51
352.41,27,0.0377,0.0459,0.003,0.003,0.2,0.0167,0.1667,1.00,400,0,331.53
353.42,27,0.0376,0.0384,0.003,0.003,0.2,0.0167,0.1667,1.00,400,0,332.55
354.43,25,0.0402,0.0695,0.003,0.003,0.2,0.0167,0.1667,1.00,400,0,333.55
355.44,24,0.0423,0.0488,0.003,0.003,0.2,0.0167,0.1667,1.00,400,0,334.57
356.46,28,0.0362,0.0573,0.003,0.003,0.2,0.0167,0.1667,1.00,400,0,335.58
357.47,64,0.0159,0.0467,0.003,0.003,0.2,0.0167,0.1667,1.00,400,0,336.60
358.49,48,0.0213,0.0555,0.003,0.003,0.2,0.0167,0.1667,1.00,400,0,337.62
359.53,22,0.0469,0.0539,0.003,0.003,0.2,0.0167,0.1667,1.00,400,0,338.65
360.57,21,0.0498,0.0569,0.003,0.003,0.2,0.0167,0.1667,1.00,400,0,339.70
361.62,33,0.0317,0.0601,0.003,0.003,0.2,0.0167,0.1667,1.00,400,0,340.74
362.63,32,0.0317,0.1590,0.003,0.003,0.2,0.0167,0.1667,1.00,400,0,341.75
363.66,22,0.0467,0.0551,0.003,0.003,0.2,0.0167,0.1667,1.00,400,0,342.78
364.68,36,0.0285,0.0778,0.003,0.003,0.2,0.0167,0.1667,1.00,400,0,343.81
365.69,53,0.0192,0.0473,0.003,0.003,0.2,0.0167,0.1667,1.00,400,0,344.82
366.72,32,0.0319,0.0730,0.003,0.003,0.2,0.0167,0.1667,1.00,400,0,345.84
367.74,35,0.0291,0.0713,0.003,0.003,0.2,0.0167,0.1667,1.00,400,0,346.86
368.75,70,0.0145,0.0391,0.003,0.003,0.2,0.0167,0.1667,1.00,400,0,347.88
369.75,76,0.0132,0.0187,0.003,0.003,0.2,0.0167,0.1667,1.00,400,0,348.88
370.77,24,0.0423,0.0706,0.003,0.003,0.2,0.0167,0.1667,1.00,400,0,349.90
371.78,31,0.0325,0.0668,0.003,0.003,0.2,0.0167,0.1667,1.00,400,0,350.90
372.78,46,0.0219,0.0650,0.003,0.003,0.2,0.0167,0.1667,1.00,400,0,351.91
373.79,72,0.0139,0.0187,0.003,0.003,0.2,0.0167,0.1667,1.00,400,0,352.91
374.79,59,0.0171,0.0880,0.003,0.003,0.2,0.0167,0.1667,1.00,400,0,353.92
375.80,25,0.0402,0.1485,0.003,0.003,0.2,0.0167,0.1667,1.00,400,0,354.93
376.82,44,0.0232,0.0379,0.003,0.003,0.2,0.0167,0.1667,1.00,400,0,355.95
377.85,46,0.0224,0.0474,0.003,0.003,0.2,0.0167,0.1667,1.00,400,0,356.98
378.86,46,0.0219,0.0445,0.003,0.003,0.2,0.0167,0.1667,1.00,400,0,357.98
379.89,44,0.0233,0.0415,0.003,0.003,0.2,0.0167,0.1667,1.00,400,0,359.01
380.90,45,0.0225,0.0367,0.003,0.003,0.2,0.0167,0.1667,1.00,400,0,360.02
381.91,46,0.0221,0.0390,0.003,0.003,0.2,0.0167,0.1667,1.00,400,0,361.04
382.94,46,0.0223,0.0402,0.003,0.003,0.2,0.0167,0.1667,1.00,400,0,362.07
383.95,41,0.0245,0.0402,0.003,0.003,0.2,0.0167,0.1667,1.00,400,0,363.07
384.96,43,0.0236,0.0421,0.003,0.003,0.2,0.0167,0.1667,1.00,400,0,364.09
385.97,46,0.0220,0.0383,0.003,0.003,0.2,0.0167,0.1667,1.00,400,0,365.10
387.00,47,0.0219,0.0413,0.003,0.003,0.2,0.0167,0.1667,1.00,400,0,366.13
388.01,44,0.0230,0.0498,0.003,0.003,0.2,0.0167,0.1667,1.00,400,0,367.14
389.02,46,0.0219,0.0409,0.003,0.003,0.2,0.0167,0.1667,1.00,400,0,368.15
390.03,44,0.0229,0.0452,0.003,0.003,0.2,0.0167,0.1667,1.00,400,0,369.16
391.05,47,0.0218,0.0765,0.003,0.003,0.2,0.0167,0.1667,1.00,400,0,370.18
392.06,52,0.0194,0.0333,0.003,0.003,0.2,0.0167,0.1667,1.00,400,0,371.19
393.08,52,0.0195,0.0320,0.003,0.003,0.2,0.0167,0.1667,1.00,400,0,372.20
394.08,53,0.0191,0.0325,0.003,0.003,0.2,0.0167,0.1667,1.00,400,0,373.21
398.48,36,0.0246,0.1667,0.002,0.011,0.1,0.0167,0.1667,1.00,400,0,374.10
400.52,1,0.1667,0.1667,0.000,0.005,0.0,0.0167,0.1667,1.00,400,0,374.27
401.73,1,0.1667,0.1667,0.000,0.003,0.0,0.0167,0.1667,1.00,400,0,374.43
403.43,11,0.0746,0.1667,0.002,0.004,0.1,0.0167,0.1667,1.00,400,0,375.25
409.54,1,0.1667,0.1667,0.000,0.015,0.0,0.0167,0.1667,1.00,400,0,375.42
413.58,2,0.1667,0.1667,0.001,0.010,0.0,0.0167,0.1667,1.00,400,0,375.75
418.37,1,0.1667,0.1667,0.000,0.011,0.0,0.0167,0.1667,1.00,400,0,375.92
421.48,1,0.1667,0.1667,0.000,0.007,0.0,0.0167,0.1667,1.00,400,0,376.09
423.04,9,0.1031,0.1667,0.002,0.004,0.1,0.0167,0.1667,1.00,400,0,377.01
425.38,1,0.1667,0.1667,0.000,0.006,0.0,0.0167,0.1667,1.00,400,0,377.18
428.71,1,0.1667,0.1667,0.000,0.008,0.0,0.0167,0.1667,1.00,400,0,377.35
431.80,1,0.1667,0.1667,0.000,0.007,0.0,0.0167,0.1667,1.00,400,0,377.51
433.50,1,0.1667,0.1667,0.000,0.004,0.0,0.0167,0.1667,1.00,400,0,377.68
437.56,1,0.1667,0.1667,0.000,0.009,0.0,0.0167,0.1667,1.00,400,0,377.85
440.16,1,0.1667,0.1667,0.000,0.006,0.0,0.0167,0.1667,1.00,400,0,378.01
442.95,1,0.1667,0.1667,0.000,0.006,0.0,0.0167,0.1667,1.00,400,0,378.18
446.15,1,0.1667,0.1667,0.000,0.007,0.0,0.0167,0.1667,1.00,400,0,378.35
452.02,1,0.1667,0.1667,0.000,0.013,0.0,0.0167,0.1667,1.00,400,0,378.51
454.49,1,0.1667,0.1667,0.000,0.005,0.0,0.0167,0.1667,1.00,400,0,378.68
456.54,1,0.1667,0.1667,0.000,0.004,0.0,0.0167,0.1667,1.00,400,0,378.85
459.44,1,0.1667,0.1667,0.000,0.006,0.0,0.0167,0.1667,1.00,400,0,379.01
462.79,1,0.1667,0.1667,0.000,0.007,0.0,0.0167,0.1667,1.00,400,0,379.18
464.62,1,0.1667,0.1667,0.000,0.004,0.0,0.0167,0.1667,1.00,400,0,379.35
467.04,1,0.1667,0.1667,0.000,0.005,0.0,0.0167,0.1667,1.00,400,0,379.51
468.51,2,0.1667,0.1667,0.001,0.003,0.0,0.0167,0.1667,1.00,400,0,379.85
475.48,1,0.1667,0.1667,0.000,0.015,0.0,0.0167,0.1667,1.00,400,0,380.01
476.91,2,0.1360,0.1667,0.001,0.003,0.0,0.0167,0.1667,1.00,400,0,380.29
478.55,3,0.1013,0.1667,0.001,0.003,0.0,0.0167,0.1667,1.00,400,0,380.59
480.40,3,0.1020,0.1667,0.001,0.004,0.0,0.0167,0.1667,1.00,400,0,380.90
482.66,5,0.1355,0.1667,0.001,0.005,0.1,0.0167,0.1667,1.00,400,0,381.57
483.87,3,0.1027,0.1667,0.001,0.003,0.0,0.0167,0.1667,1.00,400,0,381.88
486.13,2,0.0976,0.1667,0.000,0.005,0.0,0.0167,0.1667,1.00,400,0,382.08
487.15,4,0.0804,0.1667,0.001,0.002,0.0,0.0167,0.1667,1.00,400,0,382.40
488.19,3,0.1335,0.1667,0.001,0.002,0.0,0.0167,0.1667,1.00,400,0,382.80
489.22,3,0.1667,0.1667,0.001,0.002,0.1,0.0167,0.1667,1.00,400,0,383.30
490.48,4,0.1667,0.1667,0.001,0.003,0.1,0.0167,0.1667,1.00,400,0,383.97
491.49,2,0.1667,0.1667,0.001,0.002,0.0,0.0167,0.1667,1.00,400,0,384.30
493.25,3,0.1664,0.1667,0.001,0.004,0.1,0.0167,0.1667,1.00,400,0,384.80
494.36,2,0.1667,0.1667,0.001,0.002,0.0,0.0167,0.1667,1.00,400,0,385.13
495.37,4,0.1493,0.1667,0.001,0.002,0.1,0.0167,0.1667,1.00,400,0,385.73
497.00,3,0.1667,0.1667,0.001,0.003,0.1,0.0167,0.1667,1.00,400,0,386.23
498.23,2,0.1446,0.1667,0.001,0.002,0.0,0.0167,0.1667,1.00,400,0,386.52
499.63,3,0.1667,0.1667,0.001,0.003,0.1,0.0167,0.1667,1.00,400,0,387.02
501.09,3,0.1650,0.1667,0.001,0.003,0.1,0.0167,0.1667,1.00,400,0,387.51
502.18,3,0.1667,0.1667,0.001,0.002,0.1,0.0167,0.1667,1.00,400,0,388.01
504.00,4,0.1667,0.1667,0.001,0.004,0.1,0.0167,0.1667,1.00,400,0,388.68
505.79,2,0.1667,0.1667,0.001,0.004,0.0,0.0167,0.1667,1.00,400,0,389.01
508.25,6,0.1378,0.1667,0.002,0.005,0.1,0.0167,0.1667,1.00,400,0,389.84
509.70,2,0.0983,0.1667,0.000,0.003,0.0,0.0167,0.1667,1.00,400,0,390.04
512.10,7,0.0904,0.1667,0.001,0.005,0.1,0.0167,0.1667,1.00,400,0,390.67
513.63,1,0.1667,0.1667,0.000,0.003,0.0,0.0167,0.1667,1.00,400,0,390.83
515.49,1,0.1667,0.1667,0.000,0.004,0.0,0.0167,0.1667,1.00,400,0,391.00
516.52,1,0.1667,0.1667,0.000,0.002,0.0,0.0167,0.1667,1.00,400,0,391.17
518.45,2,0.1667,0.1667,0.001,0.004,0.0,0.0167,0.1667,1.00,400,0,391.50
519.49,2,0.1542,0.1667,0.001,0.002,0.0,0.0167,0.1667,1.00,400,0,391.81
521.22,2,0.1667,0.1667,0.001,0.003,0.0,0.0167,0.1667,1.00,400,0,392.14
522.78,2,0.1667,0.1667,0.001,0.003,0.0,0.0167,0.1667,1.00,400,0,392.48
524.84,5,0.1140,0.1667,0.001,0.004,0.1,0.0167,0.1667,1.00,400,0,393.05
525.98,4,0.1152,0.1667,0.001,0.002,0.1,0.0167,0.1667,1.00,400,0,393.51
527.44,2,0.1667,0.1667,0.001,0.003,0.0,0.0167,0.1667,1.00,400,0,393.84
529.10,3,0.1667,0.1667,0.001,0.003,0.1,0.0167,0.1667,1.00,400,0,394.34
530.19,2,0.1667,0.1667,0.001,0.002,0.0,0.0167,0.1667,1.00,400,0,394.67
531.50,2,0.1667,0.1667,0.001,0.002,0.0,0.0167,0.1667,1.00,400,0,395.01
532.53,3,0.1205,0.1667,0.001,0.002,0.0,0.0167,0.1667,1.00,400,0,395.37
533.72,2,0.1667,0.1667,0.001,0.002,0.0,0.0167,0.1667,1.00,400,0,395.70
534.89,2,0.1667,0.1667,0.001,0.002,0.0,0.0167,0.1667,1.00,400,0,396.04
536.36,3,0.1667,0.1667,0.001,0.003,0.1,0.0167,0.1667,1.00,400,0,396.54
537.40,1,0.1667,0.1667,0.000,0.002,0.0,0.0167,0.1667,1.00,400,0,396.70
538.50,2,0.1667,0.1667,0.001,0.002,0.0,0.0167,0.1667,1.00,400,0,397.04
540.54,2,0.1667,0.1667,0.001,0.004,0.0,0.0167,0.1667,1.00,400,0,397.37
541.79,2,0.1667,0.1667,0.001,0.002,0.0,0.0167,0.1667,1.00,400,0,397.70
543.24,3,0.1667,0.1667,0.001,0.003,0.1,0.0167,0.1667,1.00,400,0,398.20
544.65,2,0.1667,0.1667,0.001,0.003,0.0,0.0167,0.1667,1.00,400,0,398.54
546.04,1,0.1667,0.1667,0.000,0.003,0.0,0.0167,0.1667,1.00,400,0,398.70
547.37,2,0.1667,0.1667,0.001,0.002,0.0,0.0167,0.1667,1.00,400,0,399.04
548.52,2,0.1667,0.1667,0.001,0.002,0.0,0.0167,0.1667,1.00,400,0,399.37
549.58,2,0.1275,0.1667,0.000,0.002,0.0,0.0167,0.1667,1.00,400,0,399.62
551.18,3,0.1667,0.1667,0.001,0.003,0.1,0.0167,0.1667,1.00,400,0,400.12
552.50,4,0.1626,0.1667,0.001,0.002,0.1,0.0167,0.1667,1.00,400,0,400.77
554.09,3,0.1667,0.1667,0.001,0.003,0.1,0.0167,0.1667,1.00,400,0,401.27
555.11,2,0.1667,0.1667,0.001,0.002,0.0,0.0167,0.1667,1.00,400,0,401.61
556.80,3,0.1667,0.1667,0.001,0.003,0.1,0.0167,0.1667,1.00,400,0,402.11
557.93,4,0.1586,0.1667,0.001,0.002,0.1,0.0167,0.1667,1.00,400,0,402.74
558.99,5,0.1354,0.1667,0.001,0.002,0.1,0.0167,0.1667,1.00,400,0,403.42
560.28,1,0.1667,0.1667,0.000,0.002,0.0,0.0167,0.1667,1.00,400,0,403.59
562.33,1,0.1667,0.1667,0.000,0.004,0.0,0.0167,0.1667,1.00,400,0,403.75
563.93,8,0.0807,0.1667,0.001,0.003,0.1,0.0167,0.1667,1.00,400,0,404.40
566.11,1,0.1667,0.1667,0.000,0.004,0.0,0.0167,0.1667,1.00,400,0,404.57
568.84,2,0.1667,0.1667,0.001,0.005,0.0,0.0167,0.1667,1.00,400,0,404.90
572.26,1,0.1667,0.1667,0.000,0.006,0.0,0.0167,0.1667,1.00,400,0,405.07
574.68,1,0.1667,0.1667,0.000,0.004,0.0,0.0167,0.1667,1.00,400,0,405.23
576.53,1,0.1667,0.1667,0.000,0.003,0.0,0.0167,0.1667,1.00,400,0,405.40
577.89,1,0.1667,0.1667,0.000,0.002,0.0,0.0167,0.1667,1.00,400,0,405.57
579.22,1,0.1667,0.1667,0.000,0.002,0.0,0.0167,0.1667,1.00,400,0,405.73
581.15,1,0.1667,0.1667,0.000,0.003,0.0,0.0167,0.1667,1.00,400,0,405.90
584.52,1,0.1667,0.1667,0.000,0.006,0.0,0.0167,0.1667,1.00,400,0,406.07
586.50,1,0.1667,0.1667,0.000,0.003,0.0,0.0167,0.1667,1.00,400,0,406.23
590.79,2,0.1667,0.1667,0.001,0.007,0.0,0.0167,0.1667,1.00,400,0,406.57
592.09,1,0.1667,0.1667,0.000,0.002,0.0,0.0167,0.1667,1.00,400,0,406.73
593.24,1,0.1667,0.1667,0.000,0.002,0.0,0.0167,0.1667,1.00,400,0,406.90
595.05,1,0.1667,0.1667,0.000,0.003,0.0,0.0167,0.1667,1.00,400,0,407.07
597.50,2,0.1667,0.1667,0.001,0.004,0.0,0.0167,0.1667,1.00,400,0,407.40
598.63,1,0.1667,0.1667,0.000,0.002,0.0,0.0167,0.1667,1.00,400,0,407.57
600.20,1,0.1667,0.1667,0.000,0.003,0.0,0.0167,0.1667,1.00,400,0,407.73
601.50,1,0.1667,0.1667,0.000,0.002,0.0,0.0167,0.1667,1.00,400,0,407.90
604.50,2,0.1667,0.1667,0.001,0.005,0.0,0.0167,0.1667,1.00,400,0,408.23
605.54,1,0.1667,0.1667,0.000,0.002,0.0,0.0167,0.1667,1.00,400,0,408.40
607.60,1,0.1667,0.1667,0.000,0.003,0.0,0.0167,0.1667,1.00,400,0,408.57
609.74,1,0.1667,0.1667,0.000,0.004,0.0,0.0167,0.1667,1.00,400,0,408.73
610.85,1,0.1667,0.1667,0.000,0.002,0.0,0.0167,0.1667,1.00,400,0,408.90
614.09,1,0.1667,0.1667,0.000,0.005,0.0,0.0167,0.1667,1.00,400,0,409.07
615.70,1,0.1667,0.1667,0.000,0.003,0.0,0.0167,0.1667,1.00,400,0,409.23
619.46,1,0.1667,0.1667,0.000,0.006,0.0,0.0167,0.1667,1.00,400,0,409.40
621.09,1,0.1667,0.1667,0.000,0.003,0.0,0.0167,0.1667,1.00,400,0,409.57
624.34,1,0.1667,0.1667,0.000,0.005,0.0,0.0167,0.1667,1.00,400,0,409.73
627.23,1,0.1667,0.1667,0.000,0.005,0.0,0.0167,0.1667,1.00,400,0,409.90
628.48,1,0.1667,0.1667,0.000,0.002,0.0,0.0167,0.1667,1.00,400,0,410.07
630.11,6,0.0996,0.1667,0.001,0.003,0.1,0.0167,0.1667,1.00,400,0,410.66
631.18,1,0.1667,0.1667,0.000,0.002,0.0,0.0167,0.1667,1.00,400,0,410.83
632.22,2,0.1667,0.1667,0.001,0.002,0.0,0.0167,0.1667,1.00,400,0,411.16
634.57,4,0.1481,0.1667,0.001,0.004,0.1,0.0167,0.1667,1.00,400,0,411.76
635.61,2,0.1611,0.1667,0.001,0.002,0.0,0.0167,0.1667,1.00,400,0,412.08
637.49,2,0.1667,0.1667,0.001,0.003,0.0,0.0167,0.1667,1.00,400,0,412.41
638.53,3,0.1207,0.1667,0.001,0.002,0.0,0.0167,0.1667,1.00,400,0,412.77
640.12,3,0.1667,0.1667,0.001,0.003,0.0,0.0167,0.1667,1.00,400,0,413.27
641.15,2,0.1667,0.1667,0.001,0.002,0.0,0.0167,0.1667,1.00,400,0,413.61
642.17,2,0.1667,0.1667,0.001,0.002,0.0,0.0167,0.1667,1.00,400,0,413.94
643.18,1,0.1667,0.1667,0.000,0.002,0.0,0.0167,0.1667,1.00,400,0,414.11
644.19,3,0.1400,0.1667,0.001,0.002,0.0,0.0167,0.1667,1.00,400,0,414.53
645.54,2,0.1667,0.1667,0.001,0.002,0.0,0.0167,0.1667,1.00,400,0,414.86
647.40,2,0.1667,0.1667,0.001,0.003,0.0,0.0167,0.1667,1.00,400,0,415.19
648.51,2,0.1667,0.1667,0.001,0.002,0.0,0.0167,0.1667,1.00,400,0,415.53
649.55,1,0.1667,0.1667,0.000,0.002,0.0,0.0167,0.1667,1.00,400,0,415.69
651.26,2,0.1667,0.1667,0.001,0.003,0.0,0.0167,0.1667,1.00,400,0,416.03
652.61,3,0.1664,0.1667,0.001,0.002,0.0,0.0167,0.1667,1.00,400,0,416.53
653.94,2,0.1667,0.1667,0.001,0.002,0.0,0.0167,0.1667,1.00,400,0,416.86
656.09,2,0.1667,0.1667,0.001,0.003,0.0,0.0167,0.1667,1.00,400,0,417.19
657.43,1,0.1667,0.1667,0.000,0.002,0.0,0.0167,0.1667,1.00,400,0,417.36
658.49,1,0.1667,0.1667,0.000,0.002,0.0,0.0167,0.1667,1.00,400,0,417.53
660.90,3,0.1667,0.1667,0.001,0.004,0.0,0.0167,0.1667,1.00,400,0,418.03
661.98,1,0.1667,0.1667,0.000,0.002,0.0,0.0167,0.1667,1.00,400,0,418.19
663.55,2,0.1667,0.1667,0.001,0.002,0.0,0.0167,0.1667,1.00,400,0,418.53
664.67,1,0.1667,0.1667,0.000,0.002,0.0,0.0167,0.1667,1.00,400,0,418.69
666.60,3,0.1667,0.1667,0.001,0.003,0.0,0.0167,0.1667,1.00,400,0,419.19
667.70,1,0.1667,0.1667,0.000,0.002,0.0,0.0167,0.1667,1.00,400,0,419.36
669.18,3,0.1328,0.1667,0.001,0.002,0.0,0.0167,0.1667,1.00,400,0,419.76
670.41,1,0.1667,0.1667,0.000,0.002,0.0,0.0167,0.1667,1.00,400,0,419.92
671.74,3,0.1663,0.1667,0.001,0.002,0.0,0.0167,0.1667,1.00,400,0,420.42
672.77,6,0.1043,0.1667,0.001,0.002,0.1,0.0167,0.1667,1.00,400,0,421.05
675.79,2,0.1254,0.1667,0.000,0.004,0.0,0.0167,0.1667,1.00,400,0,421.30
677.03,5,0.0965,0.1667,0.001,0.002,0.0,0.0167,0.1667,1.00,400,0,421.78
678.80,2,0.1667,0.1667,0.000,0.003,0.0,0.0167,0.1667,1.00,400,0,422.12
680.43,3,0.1667,0.1667,0.001,0.002,0.0,0.0167,0.1667,1.00,400,0,422.62
681.44,2,0.1667,0.1667,0.000,0.001,0.0,0.0167,0.1667,1.00,400,0,422.95
682.80,3,0.1396,0.1667,0.001,0.002,0.0,0.0167,0.1667,1.00,400,0,423.37
684.22,3,0.1667,0.1667,0.001,0.002,0.0,0.0167,0.1667,1.00,400,0,423.87
685.25,3,0.1667,0.1667,0.001,0.001,0.0,0.0167,0.1667,1.00,400,0,424.37
686.69,3,0.1667,0.1667,0.001,0.002,0.0,0.0167,0.1667,1.00,400,0,424.87
688.39,2,0.1667,0.1667,0.000,0.002,0.0,0.0167,0.1667,1.00,400,0,425.20
689.61,3,0.1667,0.1667,0.001,0.002,0.0,0.0167,0.1667,1.00,400,0,425.70
691.02,1,0.1667,0.1667,0.000,0.002,0.0,0.0167,0.1667,1.00,400,0,425.87
692.20,3,0.1667,0.1667,0.001,0.002,0.0,0.0167,0.1667,1.00,400,0,426.37
694.49,2,0.1667,0.1667,0.000,0.003,0.0,0.0167,0.1667,1.00,400,0,426.70
695.88,2,0.1667,0.1667,0.000,0.002,0.0,0.0167,0.1667,1.00,400,0,427.03
697.79,3,0.1667,0.1667,0.001,0.003,0.0,0.0167,0.1667,1.00,400,0,427.53
699.43,3,0.1667,0.1667,0.001,0.002,0.0,0.0167,0.1667,1.00,400,0,428.03
701.30,3,0.1360,0.1667,0.001,0.003,0.0,0.0167,0.1667,1.00,400,0,428.44
703.57,3,0.1667,0.1667,0.001,0.003,0.0,0.0167,0.1667,1.00,400,0,428.94
705.50,2,0.1667,0.1667,0.000,0.003,0.0,0.0167,0.1667,1.00,400,0,429.28
706.53,2,0.1667,0.1667,0.000,0.001,0.0,0.0167,0.1667,1.00,400,0,429.61
707.68,2,0.1667,0.1667,0.000,0.002,0.0,0.0167,0.1667,1.00,400,0,429.94
708.69,1,0.1667,0.1667,0.000,0.001,0.0,0.0167,0.1667,1.00,400,0,430.11
710.25,2,0.1667,0.1667,0.000,0.002,0.0,0.0167,0.1667,1.00,400,0,430.44
711.64,2,0.1667,0.1667,0.000,0.002,0.0,0.0167,0.1667,1.00,400,0,430.78
714.50,2,0.1667,0.1667,0.000,0.004,0.0,0.0167,0.1667,1.00,400,0,431.11
716.04,2,0.1667,0.1667,0.000,0.002,0.0,0.0167,0.1667,1.00,400,0,431.44
717.28,2,0.1667,0.1667,0.000,0.002,0.0,0.0167,0.1667,1.00,400,0,431.78
718.52,1,0.1667,0.1667,0.000,0.002,0.0,0.0167,0.1667,1.00,400,0,431.94
719.53,3,0.1401,0.1667,0.001,0.001,0.0,0.0167,0.1667,1.00,400,0,432.36
721.58,2,0.1667,0.1667,0.000,0.003,0.0,0.0167,0.1667,1.00,400,0,432.70
722.65,1,0.1667,0.1667,0.000,0.001,0.0,0.0167,0.1667,1.00,400,0,432.86
723.86,2,0.1667,0.1667,0.000,0.002,0.0,0.0167,0.1667,1.00,400,0,433.20
725.53,2,0.1667,0.1667,0.000,0.002,0.0,0.0167,0.1667,1.00,400,0,433.53
726.77,2,0.1667,0.1667,0.000,0.002,0.0,0.0167,0.1667,1.00,400,0,433.86
728.22,3,0.0948,0.1667,0.000,0.002,0.0,0.0167,0.1667,1.00,400,0,434.15
729.86,5,0.1233,0.1667,0.001,0.002,0.1,0.0167,0.1667,1.00,400,0,434.76
731.50,4,0.0793,0.1667,0.000,0.002,0.0,0.0167,0.1667,1.00,400,0,435.08
733.13,7,0.0886,0.1667,0.001,0.002,0.1,0.0167,0.1667,1.00,400,0,435.70
734.15,7,0.1117,0.1667,0.001,0.001,0.1,0.0167,0.1667,1.00,400,0,436.48
735.25,8,0.0966,0.1667,0.001,0.001,0.1,0.0167,0.1667,1.00,400,0,437.26
736.28,9,0.1097,0.1667,0.001,0.001,0.1,0.0167,0.1667,1.00,400,0,438.24
737.30,15,0.0597,0.1667,0.001,0.001,0.1,0.0167,0.1667,1.00,400,0,439.14
738.30,65,0.0155,0.0284,0.001,0.001,0.1,0.0167,0.1667,1.00,400,0,440.14
739.31,73,0.0138,0.0213,0.001,0.001,0.1,0.0167,0.1667,1.00,400,0,441.15
740.33,80,0.0127,0.0205,0.001,0.001,0.1,0.0167,0.1667,1.00,400,0,442.17
741.33,79,0.0127,0.0224,0.001,0.001,0.1,0.0167,0.1667,1.00,400,0,443.17
742.35,79,0.0129,0.0230,0.001,0.001,0.1,0.0167,0.1667,1.00,400,0,444.19
743.37,71,0.0142,0.1179,0.001,0.001,0.1,0.0167,0.1667,1.00,400,0,445.20
744.39,79,0.0130,0.0231,0.001,0.001,0.1,0.0167,0.1667,1.00,400,0,446.22
745.39,79,0.0128,0.0202,0.001,0.001,0.1,0.0167,0.1667,1.00,400,0,447.24
746.40,76,0.0132,0.0217,0.001,0.001,0.1,0.0167,0.1667,1.00,400,0,448.24
747.41,80,0.0126,0.0228,0.001,0.001,0.1,0.0167,0.1667,1.00,400,0,449.25
748.41,79,0.0127,0.0188,0.001,0.001,0.1,0.0167,0.1667,1.00,400,0,450.25
749.42,78,0.0129,0.0214,0.001,0.001,0.1,0.0167,0.1667,1.00,400,0,451.26
750.42,71,0.0141,0.0235,0.001,0.001,0.1,0.0167,0.1667,1.00,400,0,452.26
751.42,77,0.0131,0.0191,0.001,0.001,0.1,0.0167,0.1667,1.00,400,0,453.26
752.43,79,0.0128,0.0191,0.001,0.001,0.1,0.0167,0.1667,1.00,400,0,454.27
753.44,77,0.0131,0.0227,0.001,0.001,0.1,0.0167,0.1667,1.00,400,0,455.28
754.45,78,0.0129,0.0178,0.001,0.001,0.1,0.0167,0.1667,1.00,400,0,456.29
755.45,78,0.0129,0.0209,0.001,0.001,0.1,0.0167,0.1667,1.00,400,0,457.29
756.46,77,0.0132,0.0192,0.001,0.001,0.1,0.0167,0.1667,1.00,400,0,458.31
757.48,21,0.0479,0.1405,0.001,0.001,0.1,0.0167,0.1667,1.00,400,0,459.31
758.48,25,0.0352,0.1667,0.001,0.001,0.1,0.0167,0.1667,1.00,400,0,460.19
759.48,49,0.0205,0.1290,0.001,0.001,0.1,0.0167,0.1667,1.00,400,0,461.20
760.59,59,0.0183,0.1633,0.001,0.001,0.1,0.0167,0.1667,1.00,400,0,462.28
761.80,31,0.0364,0.1667,0.001,0.002,0.1,0.0167,0.1667,1.00,400,0,463.41
762.81,47,0.0219,0.0589,0.001,0.001,0.1,0.0167,0.1667,1.00,400,0,464.44
763.81,60,0.0168,0.0365,0.001,0.001,0.1,0.0167,0.1667,1.00,400,0,465.45
764.82,27,0.0371,0.1442,0.001,0.001,0.1,0.0167,0.1667,1.00,400,0,466.45
765.83,63,0.0160,0.0370,0.001,0.001,0.1,0.0167,0.1667,1.00,400,0,467.46
766.84,66,0.0153,0.0301,0.001,0.001,0.1,0.0167,0.1667,1.00,400,0,468.47
767.84,64,0.0158,0.0252,0.001,0.001,0.1,0.0167,0.1667,1.00,400,0,469.48
768.85,66,0.0153,0.0237,0.001,0.001,0.1,0.0167,0.1667,1.00,400,0,470.48
769.87,61,0.0167,0.0326,0.001,0.001,0.1,0.0167,0.1667,1.00,400,0,471.51
770.88,65,0.0154,0.0284,0.001,0.001,0.1,0.0167,0.1667,1.00,400,0,472.51
771.89,67,0.0151,0.0211,0.001,0.001,0.1,0.0167,0.1667,1.00,400,0,473.52
772.91,65,0.0157,0.0268,0.001,0.001,0.1,0.0167,0.1667,1.00,400,0,474.54
773.92,66,0.0154,0.0226,0.001,0.001,0.1,0.0167,0.1667,1.00,400,0,475.55
774.92,64,0.0157,0.0317,0.001,0.001,0.1,0.0167,0.1667,1.00,400,0,476.56
775.94,64,0.0158,0.0323,0.001,0.001,0.1,0.0167,0.1667,1.00,400,0,477.57
776.95,65,0.0155,0.0250,0.001,0.001,0.1,0.0167,0.1667,1.00,400,0,478.58
777.96,63,0.0160,0.0347,0.001,0.001,0.1,0.0167,0.1667,1.00,400,0,479.59
778.96,61,0.0164,0.0267,0.001,0.001,0.1,0.0167,0.1667,1.00,400,0,480.59
779.97,65,0.0155,0.0248,0.001,0.001,0.1,0.0167,0.1667,1.00,400,0,481.60
780.97,65,0.0155,0.0348,0.001,0.001,0.1,0.0167,0.1667,1.00,400,0,482.61
781.98,65,0.0154,0.0366,0.001,0.001,0.1,0.0167,0.1667,1.00,400,0,483.61
782.98,64,0.0157,0.0259,0.001,0.001,0.1,0.0167,0.1667,1.00,400,0,484.61
783.99,66,0.0153,0.0339,0.001,0.001,0.1,0.0167,0.1667,1.00,400,0,485.62
784.99,59,0.0169,0.0254,0.001,0.001,0.1,0.0167,0.1667,1.00,400,0,486.62
786.00,64,0.0157,0.0254,0.001,0.001,0.1,0.0167,0.1667,1.00,400,0,487.63
787.00,66,0.0153,0.0307,0.001,0.001,0.1,0.0167,0.1667,1.00,400,0,488.64
788.02,62,0.0163,0.0378,0.001,0.001,0.1,0.0167,0.1667,1.00,400,0,489.65
789.02,64,0.0157,0.0257,0.001,0.001,0.1,0.0167,0.1667,1.00,400,0,490.65
790.03,64,0.0157,0.0373,0.001,0.001,0.1,0.0167,0.1667,1.00,400,0,491.66
791.04,63,0.0161,0.0340,0.001,0.001,0.1,0.0167,0.1667,1.00,400,0,492.67
792.05,64,0.0157,0.0211,0.001,0.001,0.1,0.0167,0.1667,1.00,400,0,493.68
793.05,63,0.0159,0.0362,0.001,0.001,0.1,0.0167,0.1667,1.00,400,0,494.68
794.05,64,0.0157,0.0247,0.001,0.001,0.1,0.0167,0.1667,1.00,400,0,495.69
795.06,63,0.0160,0.0306,0.001,0.001,0.1,0.0167,0.1667,1.00,400,0,496.70
796.08,64,0.0158,0.0412,0.001,0.001,0.1,0.0167,0.1667,1.00,400,0,497.71
797.09,63,0.0161,0.0388,0.001,0.001,0.1,0.0167,0.1667,1.00,400,0,498.72
798.10,66,0.0153,0.0254,0.001,0.001,0.1,0.0167,0.1667,1.00,400,0,499.73
799.14,64,0.0162,0.0379,0.001,0.001,0.1,0.0167,0.1667,1.00,400,0,500.77
800.15,55,0.0184,0.1146,0.001,0.001,0.1,0.0167,0.1667,1.00,400,0,501.78
801.16,65,0.0156,0.0296,0.001,0.001,0.1,0.0167,0.1667,1.00,400,0,502.79
802.17,61,0.0166,0.0362,0.001,0.001,0.1,0.0167,0.1667,1.00,400,0,503.80
803.17,64,0.0157,0.0242,0.001,0.001,0.1,0.0167,0.1667,1.00,400,0,504.81
804.19,61,0.0166,0.0383,0.001,0.001,0.1,0.0167,0.1667,1.00,400,0,505.82
805.19,66,0.0153,0.0302,0.001,0.001,0.1,0.0167,0.1667,1.00,400,0,506.83
806.20,65,0.0154,0.0252,0.001,0.001,0.1,0.0167,0.1667,1.00,400,0,507.83
807.20,64,0.0157,0.0309,0.001,0.001,0.1,0.0167,0.1667,1.00,400,0,508.83
808.21,62,0.0163,0.0261,0.001,0.001,0.1,0.0167,0.1667,1.00,400,0,509.84
809.21,62,0.0161,0.0336,0.001,0.001,0.1,0.0167,0.1667,1.00,400,0,510.84
810.23,61,0.0166,0.0272,0.001,0.001,0.1,0.0167,0.1667,1.00,400,0,511.86
811.23,62,0.0162,0.0303,0.001,0.001,0.1,0.0167,0.1667,1.00,400,0,512.86
812.23,55,0.0182,0.0588,0.001,0.001,0.1,0.0167,0.1667,1.00,400,0,513.86
813.25,48,0.0211,0.0873,0.001,0.001,0.1,0.0167,0.1667,1.00,400,0,514.87
817.81,3,0.1667,0.1667,0.001,0.006,0.0,0.0167,0.1667,1.00,400,0,515.37
819.54,2,0.1667,0.1667,0.000,0.002,0.0,0.0167,0.1667,1.00,400,0,515.71
821.14,1,0.1667,0.1667,0.000,0.002,0.0,0.0167,0.1667,1.00,400,0,515.87
822.53,1,0.1667,0.1667,0.000,0.002,0.0,0.0167,0.1667,1.00,400,0,516.04
824.53,1,0.1667,0.1667,0.000,0.002,0.0,0.0167,0.1667,1.00,400,0,516.21
827.34,1,0.1667,0.1667,0.000,0.003,0.0,0.0167,0.1667,1.00,400,0,516.37
829.51,1,0.1667,0.1667,0.000,0.003,0.0,0.0167,0.1667,1.00,400,0,516.54
831.22,1,0.1667,0.1667,0.000,0.002,0.0,0.0167,0.1667,1.00,400,0,516.71
834.63,1,0.1667,0.1667,0.000,0.004,0.0,0.0167,0.1667,1.00,400,0,516.87
838.51,1,0.1667,0.1667,0.000,0.005,0.0,0.0167,0.1667,1.00,400,0,517.04
841.53,1,0.1667,0.1667,0.000,0.004,0.0,0.0167,0.1667,1.00,400,0,517.21
844.42,1,0.1667,0.1667,0.000,0.003,0.0,0.0167,0.1667,1.00,400,0,517.37
846.47,1,0.1667,0.1667,0.000,0.002,0.0,0.0167,0.1667,1.00,400,0,517.54
850.83,1,0.1667,0.1667,0.000,0.005,0.0,0.0167,0.1667,1.00,400,0,517.71
853.46,1,0.1667,0.1667,0.000,0.003,0.0,0.0167,0.1667,1.00,400,0,517.87
856.96,1,0.1667,0.1667,0.000,0.004,0.0,0.0167,0.1667,1.00,400,0,518.04
859.52,1,0.1667,0.1667,0.000,0.003,0.0,0.0167,0.1667,1.00,400,0,518.21
862.19,1,0.1667,0.1667,0.000,0.003,0.0,0.0167,0.1667,1.00,400,0,518.37
863.49,1,0.1667,0.1667,0.000,0.002,0.0,0.0167,0.1667,1.00,400,0,518.54
864.69,1,0.1667,0.1667,0.000,0.001,0.0,0.0167,0.1667,1.00,400,0,518.71
866.05,1,0.1667,0.1667,0.000,0.002,0.0,0.0167,0.1667,1.00,400,0,518.87
867.49,1,0.1667,0.1667,0.000,0.002,0.0,0.0167,0.1667,1.00,400,0,519.04
869.15,1,0.1667,0.1667,0.000,0.002,0.0,0.0167,0.1667,1.00,400,0,519.21
870.51,1,0.1667,0.1667,0.000,0.002,0.0,0.0167,0.1667,1.00,400,0,519.37
872.20,1,0.1667,0.1667,0.000,0.002,0.0,0.0167,0.1667,1.00,400,0,519.54
874.03,1,0.1667,0.1667,0.000,0.002,0.0,0.0167,0.1667,1.00,400,0,519.71
875.86,1,0.1667,0.1667,0.000,0.002,0.0,0.0167,0.1667,1.00,400,0,519.87
877.52,1,0.1667,0.1667,0.000,0.002,0.0,0.0167,0.1667,1.00,400,0,520.04
881.52,1,0.1667,0.1667,0.000,0.005,0.0,0.0167,0.1667,1.00,400,0,520.21
882.76,1,0.1667,0.1667,0.000,0.001,0.0,0.0167,0.1667,1.00,400,0,520.37
883.92,1,0.1667,0.1667,0.000,0.001,0.0,0.0167,0.1667,1.00,400,0,520.54
885.12,1,0.1667,0.1667,0.000,0.001,0.0,0.0167,0.1667,1.00,400,0,520.71
887.69,1,0.1667,0.1667,0.000,0.003,0.0,0.0167,0.1667,1.00,400,0,520.87
889.49,1,0.1667,0.1667,0.000,0.002,0.0,0.0167,0.1667,1.00,400,0,521.04
891.79,1,0.1667,0.1667,0.000,0.003,0.0,0.0167,0.1667,1.00,400,0,521.21
894.24,1,0.1667,0.1667,0.000,0.003,0.0,0.0167,0.1667,1.00,400,0,521.37
895.47,1,0.1667,0.1667,0.000,0.001,0.0,0.0167,0.1667,1.00,400,0,521.54
898.71,1,0.1667,0.1667,0.000,0.004,0.0,0.0167,0.1667,1.00,400,0,521.71
900.31,1,0.1667,0.1667,0.000,0.002,0.0,0.0167,0.1667,1.00,400,0,521.87
902.26,2,0.1667,0.1667,0.000,0.002,0.0,0.0167,0.1667,1.00,400,0,522.21
904.54,2,0.1667,0.1667,0.000,0.003,0.0,0.0167,0.1667,1.00,400,0,522.54
907.77,1,0.1667,0.1667,0.000,0.004,0.0,0.0167,0.1667,1.00,400,0,522.71
910.31,1,0.1667,0.1667,0.000,0.003,0.0,0.0167,0.1667,1.00,400,0,522.87
911.72,1,0.1667,0.1667,0.000,0.002,0.0,0.0167,0.1667,1.00,400,0,523.04
913.31,1,0.1667,0.1667,0.000,0.002,0.0,0.0167,0.1667,1.00,400,0,523.21
914.54,1,0.1667,0.1667,0.000,0.001,0.0,0.0167,0.1667,1.00,400,0,523.37
916.31,1,0.1667,0.1667,0.000,0.002,0.0,0.0167,0.1667,1.00,400,0,523.54
919.99,1,0.1667,0.1667,0.000,0.004,0.0,0.0167,0.1667,1.00,400,0,523.71
922.10,1,0.1667,0.1667,0.000,0.002,0.0,0.0167,0.1667,1.00,400,0,523.87
923.58,1,0.1667,0.1667,0.000,0.002,0.0,0.0167,0.1667,1.00,400,0,524.04
926.26,1,0.1667,0.1667,0.000,0.003,0.0,0.0167,0.1667,1.00,400,0,524.21
928.24,1,0.1667,0.1667,0.000,0.002,0.0,0.0167,0.1667,1.00,400,0,524.37
929.54,1,0.1667,0.1667,0.000,0.001,0.0,0.0167,0.1667,1.00,400,0,524.54
931.49,2,0.1667,0.1667,0.000,0.002,0.0,0.0167,0.1667,1.00,400,0,524.87
935.52,2,0.1667,0.1667,0.000,0.004,0.0,0.0167,0.1667,1.00,400,0,525.21
936.53,2,0.0960,0.1667,0.000,0.001,0.0,0.0167,0.1667,1.00,400,0,525.40
938.77,5,0.1295,0.1667,0.001,0.002,0.0,0.0167,0.1667,1.00,400,0,526.05
939.88,5,0.1104,0.1667,0.001,0.001,0.0,0.0167,0.1667,1.00,400,0,526.60
941.06,6,0.1611,0.1667,0.001,0.001,0.1,0.0167,0.1667,1.00,400,0,527.57
942.23,4,0.1187,0.1667,0.001,0.001,0.0,0.0167,0.1667,1.00,400,0,528.04
943.80,5,0.0751,0.1667,0.000,0.002,0.0,0.0167,0.1667,1.00,400,0,528.42
945.45,2,0.1667,0.1667,0.000,0.002,0.0,0.0167,0.1667,1.00,400,0,528.75
946.61,2,0.1667,0.1667,0.000,0.001,0.0,0.0167,0.1667,1.00,400,0,529.08
947.96,2,0.1667,0.1667,0.000,0.001,0.0,0.0167,0.1667,1.00,400,0,529.42
949.73,3,0.1667,0.1667,0.001,0.002,0.0,0.0167,0.1667,1.00,400,0,529.92
950.85,3,0.1667,0.1667,0.001,0.001,0.0,0.0167,0.1667,1.00,400,0,530.42
951.98,2,0.1667,0.1667,0.000,0.001,0.0,0.0167,0.1667,1.00,400,0,530.75
953.33,3,0.1486,0.1667,0.000,0.001,0.0,0.0167,0.1667,1.00,400,0,531.20
954.49,1,0.1667,0.1667,0.000,0.001,0.0,0.0167,0.1667,1.00,400,0,531.36
956.06,3,0.1667,0.1667,0.001,0.002,0.0,0.0167,0.1667,1.00,400,0,531.86
957.18,2,0.1667,0.1667,0.000,0.001,0.0,0.0167,0.1667,1.00,400,0,532.20
959.21,3,0.1667,0.1667,0.001,0.002,0.0,0.0167,0.1667,1.00,400,0,532.70
960.25,2,0.1647,0.1667,0.000,0.001,0.0,0.0167,0.1667,1.00,400,0,533.02
961.40,2,0.1667,0.1667,0.000,0.001,0.0,0.0167,0.1667,1.00,400,0,533.36
962.48,2,0.1667,0.1667,0.000,0.001,0.0,0.0167,0.1667,1.00,400,0,533.69
964.61,2,0.1667,0.1667,0.000,0.002,0.0,0.0167,0.1667,1.00,400,0,534.02
965.65,2,0.1667,0.1667,0.000,0.001,0.0,0.0167,0.1667,1.00,400,0,534.36
967.18,3,0.1667,0.1667,0.001,0.002,0.0,0.0167,0.1667,1.00,400,0,534.86
968.47,2,0.1667,0.1667,0.000,0.001,0.0,0.0167,0.1667,1.00,400,0,535.19
969.60,5,0.1640,0.1667,0.001,0.001,0.1,0.0167,0.1667,1.00,400,0,536.01
971.07,2,0.1667,0.1667,0.000,0.002,0.0,0.0167,0.1667,1.00,400,0,536.34
972.07,2,0.1667,0.1667,0.000,0.001,0.0,0.0167,0.1667,1.00,400,0,536.68
973.36,1,0.1667,0.1667,0.000,0.001,0.0,0.0167,0.1667,1.00,400,0,536.84
974.50,2,0.1667,0.1667,0.000,0.001,0.0,0.0167,0.1667,1.00,400,0,537.18
976.57,2,0.1667,0.1667,0.000,0.002,0.0,0.0167,0.1667,1.00,400,0,537.51
978.11,3,0.1667,0.1667,0.001,0.002,0.0,0.0167,0.1667,1.00,400,0,538.01
979.17,2,0.1667,0.1667,0.000,0.001,0.0,0.0167,0.1667,1.00,400,0,538.34
980.51,2,0.1667,0.1667,0.000,0.001,0.0,0.0167,0.1667,1.00,400,0,538.68
981.97,1,0.1667,0.1667,0.000,0.001,0.0,0.0167,0.1667,1.00,400,0,538.84
984.06,3,0.1667,0.1667,0.001,0.002,0.0,0.0167,0.1667,1.00,400,0,539.34
985.54,3,0.1667,0.1667,0.001,0.001,0.0,0.0167,0.1667,1.00,400,0,539.84
986.74,3,0.1649,0.1667,0.001,0.001,0.0,0.0167,0.1667,1.00,400,0,540.34
988.53,3,0.1667,0.1667,0.001,0.002,0.0,0.0167,0.1667,1.00,400,0,540.84
989.89,3,0.1386,0.1667,0.000,0.001,0.0,0.0167,0.1667,1.00,400,0,541.26
991.15,4,0.1658,0.1667,0.001,0.001,0.0,0.0167,0.1667,1.00,400,0,541.92
992.68,2,0.1667,0.1667,0.000,0.002,0.0,0.0167,0.1667,1.00,400,0,542.25
994.20,2,0.1667,0.1667,0.000,0.002,0.0,0.0167,0.1667,1.00,400,0,542.59
995.81,3,0.1667,0.1667,0.001,0.002,0.0,0.0167,0.1667,1.00,400,0,543.09
997.21,2,0.1667,0.1667,0.000,0.001,0.0,0.0167,0.1667,1.00,400,0,543.42
998.30,2,0.1667,0.1667,0.000,0.001,0.0,0.0167,0.1667,1.00,400,0,543.75
999.52,2,0.1667,0.1667,0.000,0.001,0.0,0.0167,0.1667,1.00,400,0,544.09
1001.57,3,0.1658,0.1667,0.000,0.002,0.0,0.0167,0.1667,1.00,400,0,544.58
1002.84,2,0.1667,0.1667,0.000,0.001,0.0,0.0167,0.1667,1.00,400,0,544.92
1004.99,3,0.1667,0.1667,0.000,0.002,0.0,0.0167,0.1667,1.00,400,0,545.42
1009.20,1,0.1667,0.1667,0.000,0.004,0.0,0.0167,0.1667,1.00,400,0,545.58
1011.03,4,0.1126,0.1667,0.000,0.002,0.0,0.0167,0.1667,1.00,400,0,546.03
1012.04,43,0.0260,0.1667,0.001,0.001,0.1,0.0167,0.1667,1.00,400,0,547.15
1013.06,51,0.0199,0.0323,0.001,0.001,0.1,0.0167,0.1667,1.00,400,0,548.16
1014.07,53,0.0191,0.0310,0.001,0.001,0.1,0.0167,0.1667,1.00,400,0,549.18
1015.08,69,0.0146,0.0217,0.001,0.001,0.1,0.0167,0.1667,1.00,400,0,550.19
1016.08,67,0.0150,0.0233,0.001,0.001,0.1,0.0167,0.1667,1.00,400,0,551.19
1017.09,68,0.0149,0.0218,0.001,0.001,0.1,0.0167,0.1667,1.00,400,0,552.20
1018.10,55,0.0183,0.0327,0.001,0.001,0.1,0.0167,0.1667,1.00,400,0,553.21
1019.10,67,0.0150,0.0272,0.001,0.001,0.1,0.0167,0.1667,1.00,400,0,554.22
1020.11,66,0.0153,0.0235,0.001,0.001,0.1,0.0167,0.1667,1.00,400,0,555.23
1021.12,67,0.0150,0.0254,0.001,0.001,0.1,0.0167,0.1667,1.00,400,0,556.23
1022.13,69,0.0147,0.0245,0.001,0.001,0.1,0.0167,0.1667,1.00,400,0,557.24
1023.14,70,0.0145,0.0193,0.001,0.001,0.1,0.0167,0.1667,1.00,400,0,558.26
1024.15,70,0.0144,0.0189,0.001,0.001,0.1,0.0167,0.1667,1.00,400,0,559.27
1025.16,67,0.0150,0.0232,0.001,0.001,0.1,0.0167,0.1667,1.00,400,0,560.27
1026.16,62,0.0163,0.1159,0.001,0.001,0.1,0.0167,0.1667,1.00,400,0,561.28
1027.18,69,0.0147,0.0203,0.001,0.001,0.1,0.0167,0.1667,1.00,400,0,562.29
1028.18,67,0.0150,0.0226,0.001,0.001,0.1,0.0167,0.1667,1.00,400,0,563.30
1029.20,70,0.0145,0.0217,0.001,0.001,0.1,0.0167,0.1667,1.00,400,0,564.31
1030.21,68,0.0148,0.0249,0.001,0.001,0.1,0.0167,0.1667,1.00,400,0,565.32
1031.22,67,0.0151,0.0243,0.001,0.001,0.1,0.0167,0.1667,1.00,400,0,566.33
1032.23,64,0.0157,0.0297,0.001,0.001,0.1,0.0167,0.1667,1.00,400,0,567.34
1033.24,68,0.0148,0.0211,0.001,0.001,0.1,0.0167,0.1667,1.00,400,0,568.35
1034.25,69,0.0147,0.0252,0.001,0.001,0.1,0.0167,0.1667,1.00,400,0,569.36
1035.25,66,0.0152,0.0228,0.001,0.001,0.1,0.0167,0.1667,1.00,400,0,570.36
1036.28,69,0.0148,0.0207,0.001,0.001,0.1,0.0167,0.1667,1.00,400,0,571.39
1037.29,67,0.0151,0.0251,0.001,0.001,0.1,0.0167,0.1667,1.00,400,0,572.40
1038.30,67,0.0151,0.0220,0.001,0.001,0.1,0.0167,0.1667,1.00,400,0,573.41
1039.30,68,0.0147,0.0222,0.001,0.001,0.1,0.0167,0.1667,1.00,400,0,574.41
1040.30,69,0.0145,0.0223,0.001,0.001,0.1,0.0167,0.1667,1.00,400,0,575.41
1041.31,64,0.0158,0.0316,0.001,0.001,0.1,0.0167,0.1667,1.00,400,0,576.43
1042.32,65,0.0154,0.0241,0.001,0.001,0.1,0.0167,0.1667,1.00,400,0,577.43
1043.32,70,0.0144,0.0200,0.001,0.001,0.1,0.0167,0.1667,1.00,400,0,578.44
1044.41,33,0.0287,0.1667,0.001,0.001,0.1,0.0167,0.1667,1.00,400,0,579.38
1045.43,33,0.0311,0.1581,0.001,0.001,0.1,0.0167,0.1667,1.00,400,0,580.41
1046.44,67,0.0150,0.0237,0.001,0.001,0.1,0.0167,0.1667,1.00,400,0,581.41
1047.45,69,0.0146,0.0210,0.001,0.001,0.1,0.0167,0.1667,1.00,400,0,582.43
1048.46,23,0.0438,0.1667,0.001,0.001,0.1,0.0167,0.1667,1.00,400,0,583.43
1049.47,27,0.0372,0.1648,0.001,0.001,0.1,0.0167,0.1667,1.00,400,0,584.44
1050.48,53,0.0191,0.0590,0.001,0.001,0.1,0.0167,0.1667,1.00,400,0,585.45
1051.51,31,0.0331,0.1575,0.001,0.001,0.1,0.0167,0.1667,1.00,400,0,586.48
1052.59,39,0.0278,0.1229,0.001,0.001,0.1,0.0167,0.1667,1.00,400,0,587.56
1054.29,31,0.0373,0.1667,0.001,0.002,0.1,0.0167,0.1667,1.00,400,0,588.72
1055.33,5,0.0858,0.1667,0.000,0.001,0.0,0.0167,0.1667,1.00,400,0,589.15
1056.34,44,0.0230,0.0714,0.001,0.001,0.1,0.0167,0.1667,1.00,400,0,590.16
1057.34,32,0.0247,0.1667,0.001,0.001,0.0,0.0167,0.1667,1.00,400,0,590.95
1058.35,54,0.0189,0.0361,0.001,0.001,0.1,0.0167,0.1667,1.00,400,0,591.97
1059.36,57,0.0178,0.0382,0.001,0.001,0.1,0.0167,0.1667,1.00,400,0,592.99
1060.37,59,0.0171,0.0285,0.001,0.001,0.1,0.0167,0.1667,1.00,400,0,594.00
1061.38,58,0.0174,0.0283,0.001,0.001,0.1,0.0167,0.1667,1.00,400,0,595.00
1062.39,56,0.0180,0.0363,0.001,0.001,0.1,0.0167,0.1667,1.00,400,0,596.02
1063.40,58,0.0174,0.0350,0.001,0.001,0.1,0.0167,0.1667,1.00,400,0,597.03
1064.41,56,0.0180,0.0353,0.001,0.001,0.1,0.0167,0.1667,1.00,400,0,598.03
1065.41,54,0.0186,0.0734,0.001,0.001,0.1,0.0167,0.1667,1.00,400,0,599.04
1066.43,52,0.0195,0.0924,0.001,0.001,0.1,0.0167,0.1667,1.00,400,0,600.05
1067.45,51,0.0200,0.0376,0.001,0.001,0.1,0.0167,0.1667,1.00,400,0,601.07
1068.46,56,0.0181,0.0365,0.001,0.001,0.1,0.0167,0.1667,1.00,400,0,602.09
1.31,2,0.0200,0.0200,0.030,4.309,1.5,0.0167,0.1667,1.00,400,0,0.02
2.32,145,0.0053,0.1667,0.331,0.443,19.9,0.0167,0.1667,1.00,400,0,0.79
3.32,255,0.0039,0.0054,0.302,0.302,18.1,0.0167,0.1667,1.00,400,0,1.79
4.32,255,0.0039,0.0057,0.232,0.232,13.9,0.0167,0.1667,1.00,400,0,2.79
5.32,242,0.0041,0.0133,0.188,0.188,11.3,0.0167,0.1667,1.00,400,0,3.79
6.33,260,0.0039,0.0056,0.158,0.158,9.5,0.0167,0.1667,1.00,400,0,4.80
7.33,234,0.0043,0.0554,0.137,0.137,8.3,0.0167,0.1667,1.00,400,0,5.80
8.33,264,0.0038,0.0053,0.120,0.120,7.2,0.0167,0.1667,1.00,400,0,6.80
9.33,263,0.0038,0.0054,0.108,0.108,6.4,0.0167,0.1667,1.00,400,0,7.80
10.34,270,0.0037,0.0049,0.097,0.097,5.8,0.0167,0.1667,1.00,400,0,8.81
11.34,272,0.0037,0.0049,0.088,0.088,5.3,0.0167,0.1667,1.00,400,0,9.81
13.14,193,0.0037,0.0050,0.054,0.054,3.3,0.0167,0.1667,1.00,400,0,10.52
14.15,74,0.0108,0.0215,0.056,0.149,3.4,0.0167,0.1667,1.00,400,0,11.31
15.16,99,0.0102,0.0129,0.066,0.066,4.0,0.0167,0.1667,1.00,400,0,12.32
16.16,98,0.0103,0.0132,0.062,0.062,3.7,0.0167,0.1667,1.00,400,0,13.33
17.17,99,0.0101,0.0129,0.058,0.058,3.6,0.0167,0.1667,1.00,400,0,14.33
18.17,98,0.0103,0.0130,0.055,0.055,3.3,0.0167,0.1667,1.00,400,0,15.34
19.18,98,0.0103,0.0135,0.052,0.052,3.1,0.0167,0.1667,1.00,400,0,16.34
20.19,97,0.0104,0.0143,0.050,0.050,3.0,0.0167,0.1667,1.00,400,0,17.35
21.19,96,0.0104,0.0136,0.047,0.047,2.8,0.0167,0.1667,1.00,400,0,18.35
22.19,96,0.0105,0.0134,0.045,0.045,2.7,0.0167,0.1667,1.00,400,0,19.36
23.23,90,0.0109,0.0320,0.042,0.042,2.5,0.0167,0.1667,1.00,400,0,20.34
24.23,80,0.0132,0.0970,0.044,0.044,2.6,0.0167,0.1667,1.00,400,0,21.40
25.24,94,0.0107,0.0151,0.040,0.040,2.4,0.0167,0.1667,1.00,400,0,22.40
26.25,93,0.0109,0.0276,0.039,0.039,2.3,0.0167,0.1667,1.00,400,0,23.41
27.26,73,0.0139,0.1469,0.037,0.037,2.2,0.0167,0.1667,1.00,400,0,24.42
28.27,81,0.0124,0.0501,0.036,0.036,2.1,0.0167,0.1667,1.00,400,0,25.43
29.27,90,0.0111,0.0147,0.034,0.034,2.1,0.0167,0.1667,1.00,400,0,26.43
30.27,89,0.0113,0.0160,0.033,0.033,2.0,0.0167,0.1667,1.00,400,0,27.44
31.28,94,0.0107,0.0140,0.032,0.032,2.0,0.0167,0.1667,1.00,400,0,28.44
32.28,70,0.0144,0.0538,0.031,0.031,1.9,0.0167,0.1667,1.00,400,0,29.45
33.29,92,0.0110,0.0138,0.030,0.030,1.8,0.0167,0.1667,1.00,400,0,30.46
34.30,79,0.0128,0.0398,0.029,0.029,1.7,0.0167,0.1667,1.00,400,0,31.47
35.31,87,0.0116,0.0166,0.029,0.029,1.7,0.0167,0.1667,1.00,400,0,32.48
36.32,88,0.0114,0.0145,0.028,0.028,1.7,0.0167,0.1667,1.00,400,0,33.48
37.32,89,0.0113,0.0143,0.027,0.027,1.6,0.0167,0.1667,1.00,400,0,34.48
38.33,89,0.0113,0.0144,0.026,0.026,1.6,0.0167,0.1667,1.00,400,0,35.49
39.34,89,0.0114,0.0146,0.026,0.026,1.5,0.0167,0.1667,1.00,400,0,36.50
40.34,82,0.0122,0.0262,0.025,0.025,1.5,0.0167,0.1667,1.00,400,0,37.50
41.35,82,0.0123,0.0697,0.024,0.024,1.5,0.0167,0.1667,1.00,400,0,38.51
42.36,89,0.0113,0.0155,0.024,0.024,1.4,0.0167,0.1667,1.00,400,0,39.52
43.37,87,0.0116,0.0144,0.023,0.023,1.4,0.0167,0.1667,1.00,400,0,40.54
44.38,87,0.0115,0.0138,0.023,0.023,1.4,0.0167,0.1667,1.00,400,0,41.54
45.39,87,0.0117,0.0216,0.022,0.022,1.3,0.0167,0.1667,1.00,400,0,42.55
46.40,88,0.0115,0.0144,0.022,0.022,1.3,0.0167,0.1667,1.00,400,0,43.56
47.40,86,0.0117,0.0206,0.021,0.021,1.3,0.0167,0.1667,1.00,400,0,44.57
48.41,87,0.0116,0.0167,0.021,0.021,1.2,0.0167,0.1667,1.00,400,0,45.57
49.41,87,0.0115,0.0147,0.020,0.020,1.2,0.0167,0.1667,1.00,400,0,46.58
50.43,86,0.0118,0.0158,0.020,0.020,1.2,0.0167,0.1667,1.00,400,0,47.59
51.43,66,0.0153,0.0684,0.020,0.020,1.2,0.0167,0.1667,1.00,400,0,48.60
52.44,79,0.0127,0.0442,0.019,0.019,1.1,0.0167,0.1667,1.00,400,0,49.60
53.45,87,0.0116,0.0150,0.019,0.019,1.1,0.0167,0.1667,1.00,400,0,50.61
54.46,86,0.0117,0.0155,0.019,0.019,1.1,0.0167,0.1667,1.00,400,0,51.62
55.47,83,0.0122,0.0503,0.018,0.018,1.1,0.0167,0.1667,1.00,400,0,52.63
56.48,63,0.0160,0.0542,0.018,0.018,1.1,0.0167,0.1667,1.00,400,0,53.64
57.48,80,0.0126,0.0157,0.018,0.018,1.1,0.0167,0.1667,1.00,400,0,54.65
58.48,79,0.0127,0.0168,0.017,0.017,1.0,0.0167,0.1667,1.00,400,0,55.65
59.49,82,0.0123,0.0156,0.017,0.017,1.0,0.0167,0.1667,1.00,400,0,56.66
60.50,79,0.0127,0.0252,0.017,0.017,1.0,0.0167,0.1667,1.00,400,0,57.66
61.51,80,0.0126,0.0276,0.016,0.016,1.0,0.0167,0.1667,1.00,400,0,58.67
62.52,81,0.0126,0.0173,0.016,0.016,1.0,0.0167,0.1667,1.00,400,0,59.69
63.53,79,0.0127,0.0167,0.016,0.016,0.9,0.0167,0.1667,1.00,400,0,60.69
64.54,79,0.0128,0.0169,0.016,0.016,0.9,0.0167,0.1667,1.00,400,0,61.70
65.55,81,0.0125,0.0166,0.015,0.015,0.9,0.0167,0.1667,1.00,400,0,62.71
66.56,81,0.0125,0.0187,0.015,0.015,0.9,0.0167,0.1667,1.00,400,0,63.72
67.57,80,0.0126,0.0176,0.015,0.015,0.9,0.0167,0.1667,1.00,400,0,64.73
68.57,80,0.0125,0.0165,0.015,0.015,0.9,0.0167,0.1667,1.00,400,0,65.73
69.58,81,0.0125,0.0157,0.015,0.015,0.9,0.0167,0.1667,1.00,400,0,66.74
70.59,81,0.0125,0.0158,0.014,0.014,0.9,0.0167,0.1667,1.00,400,0,67.76
71.60,80,0.0126,0.0185,0.014,0.014,0.8,0.0167,0.1667,1.00,400,0,68.76
72.61,81,0.0124,0.0152,0.014,0.014,0.8,0.0167,0.1667,1.00,400,0,69.77
73.61,80,0.0126,0.0171,0.014,0.014,0.8,0.0167,0.1667,1.00,400,0,70.78
74.62,81,0.0124,0.0179,0.013,0.013,0.8,0.0167,0.1667,1.00,400,0,71.78
75.63,52,0.0195,0.0789,0.013,0.013,0.8,0.0167,0.1667,1.00,400,0,72.79
76.63,65,0.0155,0.0226,0.013,0.013,0.8,0.0167,0.1667,1.00,400,0,73.80
77.65,65,0.0157,0.0712,0.013,0.013,0.8,0.0167,0.1667,1.00,400,0,74.82
78.66,47,0.0215,0.0671,0.013,0.013,0.8,0.0167,0.1667,1.00,400,0,75.82
79.67,60,0.0168,0.0518,0.013,0.013,0.8,0.0167,0.1667,1.00,400,0,76.83
80.69,79,0.0128,0.0259,0.013,0.013,0.8,0.0167,0.1667,1.00,400,0,77.85
81.70,80,0.0126,0.0157,0.012,0.012,0.7,0.0167,0.1667,1.00,400,0,78.86
82.71,79,0.0128,0.0159,0.012,0.012,0.7,0.0167,0.1667,1.00,400,0,79.87
83.71,78,0.0129,0.0207,0.012,0.012,0.7,0.0167,0.1667,1.00,400,0,80.87
84.71,74,0.0135,0.0182,0.012,0.012,0.7,0.0167,0.1667,1.00,400,0,81.87
85.71,76,0.0132,0.0168,0.012,0.012,0.7,0.0167,0.1667,1.00,400,0,82.88
86.72,72,0.0140,0.0200,0.012,0.012,0.7,0.0167,0.1667,1.00,400,0,83.88
87.73,68,0.0148,0.0209,0.011,0.011,0.7,0.0167,0.1667,1.00,400,0,84.89
88.73,76,0.0133,0.0170,0.011,0.011,0.7,0.0167,0.1667,1.00,400,0,85.90
89.74,78,0.0129,0.0182,0.011,0.011,0.7,0.0167,0.1667,1.00,400,0,86.90
90.75,76,0.0133,0.0198,0.011,0.011,0.7,0.0167,0.1667,1.00,400,0,87.91
91.75,75,0.0134,0.0187,0.011,0.011,0.7,0.0167,0.1667,1.00,400,0,88.92
92.76,75,0.0134,0.0178,0.011,0.011,0.6,0.0167,0.1667,1.00,400,0,89.93
93.76,62,0.0162,0.1447,0.011,0.011,0.6,0.0167,0.1667,1.00,400,0,90.93
94.77,75,0.0134,0.0166,0.011,0.011,0.6,0.0167,0.1667,1.00,400,0,91.93
95.78,77,0.0131,0.0188,0.011,0.011,0.6,0.0167,0.1667,1.00,400,0,92.94
96.78,74,0.0135,0.0178,0.010,0.010,0.6,0.0167,0.1667,1.00,400,0,93.95
97.78,75,0.0134,0.0242,0.010,0.010,0.6,0.0167,0.1667,1.00,400,0,94.95
98.79,75,0.0134,0.0167,0.010,0.010,0.6,0.0167,0.1667,1.00,400,0,95.95
99.79,75,0.0134,0.0245,0.010,0.010,0.6,0.0167,0.1667,1.00,400,0,96.96
100.80,77,0.0131,0.0175,0.010,0.010,0.6,0.0167,0.1667,1.00,400,0,97.97
101.81,77,0.0131,0.0181,0.010,0.010,0.6,0.0167,0.1667,1.00,400,0,98.97
102.82,77,0.0131,0.0175,0.010,0.010,0.6,0.0167,0.1667,1.00,400,0,99.99
103.83,76,0.0133,0.0170,0.010,0.010,0.6,0.0167,0.1667,1.00,400,0,100.99
104.84,76,0.0132,0.0163,0.010,0.010,0.6,0.0167,0.1667,1.00,400,0,102.00
105.84,77,0.0131,0.0161,0.009,0.009,0.6,0.0167,0.1667,1.00,400,0,103.00
106.84,76,0.0132,0.0170,0.009,0.009,0.6,0.0167,0.1667,1.00,400,0,104.00
107.85,77,0.0131,0.0176,0.009,0.009,0.6,0.0167,0.1667,1.00,400,0,105.02
108.86,75,0.0134,0.0170,0.009,0.009,0.6,0.0167,0.1667,1.00,400,0,106.02
109.86,76,0.0132,0.0176,0.009,0.009,0.5,0.0167,0.1667,1.00,400,0,107.02
110.90,49,0.0213,0.0831,0.009,0.009,0.6,0.0167,0.1667,1.00,400,0,108.07
111.91,39,0.0259,0.0777,0.009,0.009,0.5,0.0167,0.1667,1.00,400,0,109.08
112.92,75,0.0135,0.0184,0.009,0.009,0.5,0.0167,0.1667,1.00,400,0,110.09
113.93,76,0.0132,0.0166,0.009,0.009,0.5,0.0167,0.1667,1.00,400,0,111.09
114.94,75,0.0135,0.0181,0.009,0.009,0.5,0.0167,0.1667,1.00,400,0,112.10
115.95,76,0.0133,0.0177,0.009,0.009,0.5,0.0167,0.1667,1.00,400,0,113.11
116.96,75,0.0134,0.0172,0.009,0.009,0.5,0.0167,0.1667,1.00,400,0,114.12
117.97,75,0.0135,0.0178,0.009,0.009,0.5,0.0167,0.1667,1.00,400,0,115.13
118.98,75,0.0134,0.0173,0.008,0.008,0.5,0.0167,0.1667,1.00,400,0,116.14
119.98,76,0.0132,0.0193,0.008,0.008,0.5,0.0167,0.1667,1.00,400,0,117.14
120.98,40,0.0251,0.0761,0.008,0.008,0.5,0.0167,0.1667,1.00,400,0,118.15
122.00,58,0.0175,0.0240,0.008,0.008,0.5,0.0167,0.1667,1.00,400,0,119.16
123.00,57,0.0176,0.0247,0.008,0.008,0.5,0.0167,0.1667,1.00,400,0,120.17
124.01,58,0.0173,0.0230,0.008,0.008,0.5,0.0167,0.1667,1.00,400,0,121.17
125.03,56,0.0178,0.0258,0.008,0.008,0.5,0.0167,0.1667,1.00,400,0,122.16
126.03,58,0.0178,0.0345,0.008,0.008,0.5,0.0167,0.1667,1.00,400,0,123.20
127.04,56,0.0180,0.0596,0.008,0.008,0.5,0.0167,0.1667,1.00,400,0,124.21
